Time,ROS secs,ROS nsecs,________p_x________,________p_y________,________p_z________,________q_x________,________q_y________,________q_z________,________q_w________,gripper_position,gripper_force,shoulder_pan_joint,shoulder_lift_joint,elbow_joint,wrist_1_joint,wrist_2_joint,wrist_3_joint
0,1701121433,281187772,-0.9284345654773819,0.7286218510621512,0.21745738973355977,-0.3800454001824181,0.9249186630783666,-0.006302280489402065,0.007158334313628442,255,-1,-0.5258172194110315,-2.5425613562213343,-0.8833988348590296,-1.3051589171039026,1.567124366760254,-2.876247231160299
100,1701121433,384980440,-0.9284142333136837,0.7286571058419957,0.21745785434647583,-0.3800398393401224,0.9249209573847208,-0.006306314479899533,0.007153565722484489,255,-1,-0.5257809797870081,-2.542537514363424,-0.8833511511432093,-1.3051226774798792,1.567124366760254,-2.876247231160299
200,1701121433,480889797,-0.9283940234998737,0.7286602030580017,0.2174508676044851,-0.3800342793304523,0.9249232586260429,-0.006309646924641656,0.007148464314264989,255,-1,-0.525757137929098,-2.542549435292379,-0.8834107557879847,-1.3051345984088343,1.567136287689209,-2.876259152089254
300,1701121433,584962606,-0.928423944528615,0.7286279711765214,0.2174639602710869,-0.38003974482385494,0.9249210246676429,-0.006313065605626233,0.007143926415899886,255,-1,-0.525757137929098,-2.542537514363424,-0.8834345976458948,-1.3051465193377894,1.567124366760254,-2.876259152089254
400,1701121433,680906534,-0.9284283138399602,0.7286305063893976,0.2175089967704537,-0.3800398005386415,0.9249213028318282,-0.006289435297641033,0.007125768594314971,255,-1,-0.525757137929098,-2.5425856749164026,-0.8834107557879847,-1.3051589171039026,1.5671483278274536,-2.876235310231344
500,1701121433,784994363,-0.9284050831715551,0.7286691749596961,0.21748905139283256,-0.38002890593078853,0.9249256836622192,-0.006283400181583003,0.007143475427452955,255,-1,-0.525757137929098,-2.542537514363424,-0.8833869139300745,-1.3051589171039026,1.567136287689209,-2.876247231160299
600,1701121433,880986213,-0.9284182306076476,0.7286420340649241,0.21755351434030218,-0.380067577958657,0.9249101772806361,-0.006262470850125228,0.007112074675781608,255,-1,-0.5257809797870081,-2.542501751576559,-0.8833511511432093,-1.305098835621969,1.5671842098236084,-2.8762951532946985
700,1701121433,985097408,-0.9284145722319813,0.7286721270657578,0.2177755357975993,-0.3800457664932613,0.9249204559399721,-0.006157926911990618,0.007031748750501776,255,-1,-0.5257929007159632,-2.542333428059713,-0.8832314650165003,-1.305086914693014,1.5671602487564087,-2.8762832323657435
800,1701121434,80973625,-0.9284123606067394,0.7287333681831273,0.21968033212423027,-0.380030506547742,0.9249359654390272,-0.005386346311294802,0.006423488449122897,255,-1,-0.5258768240558069,-2.5408719221698206,-0.882608715687887,-1.3049786726581019,1.5671602487564087,-2.876319233571188
900,1701121434,185169696,-0.9277122520664726,0.7290233678271584,0.22617363106950117,-0.37978960916438154,0.925055836566084,-0.003107997111339001,0.004678927200192314,255,-1,-0.5264275709735315,-2.535226647053854,-0.8821542898761194,-1.3050268332110804,1.5671722888946533,-2.8762951532946985
1000,1701121434,281102657,-0.9266998726102387,0.7292117404111556,0.23411765888503872,-0.3795169382508374,0.925181004000402,-0.0004186697600790759,0.0026130696795633505,255,-1,-0.5269063154803675,-2.5285261313067835,-0.8822262922870081,-1.3050387541400355,1.567196249961853,-2.8762951532946985
1100,1701121434,385044813,-0.9260762651905623,0.7288463688987277,0.2415440379625724,-0.37950650715435785,0.9251864562458428,0.0020937105172751376,0.0006697634122010859,255,-1,-0.526954476033346,-2.5220659414874476,-0.8822138945208948,-1.3050511519061487,1.5671722888946533,-2.8763070742236536
1200,1701121434,481032609,-0.9253789972308402,0.728486393337162,0.24914718361340038,0.3794921857956785,-0.9251822512792393,-0.00466340072465214,0.0013173957560109976,255,-1,-0.5269306341754358,-2.515545670186178,-0.8821900526629847,-1.3050511519061487,1.5671722888946533,-2.8763070742236536
1300,1701121434,585194349,-0.9244153715223304,0.7279880729403094,0.25876408311532195,0.37948621273308986,-0.9251556994484954,-0.007908111040434951,0.003822028680338712,255,-1,-0.5269783178912562,-2.5071075598346155,-0.8822382132159632,-1.3050625959979456,1.5672321319580078,-2.876319233571188
1400,1701121434,680991172,-0.9233880400172056,0.7273773868222343,0.2688516996523691,0.37946694938314596,-0.9251133070761619,-0.011346862981647558,0.00643833029065014,255,-1,-0.5270145575152796,-2.4983580748187464,-0.8823459784137171,-1.3050749937640589,1.5672202110290527,-2.876354996358053
1500,1701121434,785117864,-0.9221037462201569,0.7268327518540851,0.27928771367150806,0.37936816304812493,-0.9250809811170899,-0.014861416943657823,0.009171342723957473,255,-1,-0.5271576086627405,-2.4894288221942347,-0.8825247923480433,-1.3050625959979456,1.567256212234497,-2.8763909975634974
1600,1701121434,881047010,-0.9208778279394666,0.7264273466477035,0.2882117123664795,0.3792614951716644,-0.9250445864149819,-0.017917742228888974,0.011497214354258876,255,-1,-0.527445141469137,-2.4817455450641077,-0.882608715687887,-1.3050511519061487,1.5672321319580078,-2.8764029184924524
1700,1701121434,985203504,-0.9193539445664604,0.726115862282778,0.296973092322454,0.37902993812545405,-0.9250484700801341,-0.020813689004028857,0.013726775187977635,255,-1,-0.5278762022601526,-2.473822895680563,-0.8831351439105433,-1.3050749937640589,1.5672441720962524,-2.876462999974386
1800,1701121435,81106185,-0.9174156093226531,0.7263510047649482,0.30551997341945447,0.3785276504928542,-0.9251497655505466,-0.023693872976394515,0.015916328015802728,255,-1,-0.5289533774005335,-2.4663308302508753,-0.8834226767169397,-1.305098835621969,1.567256212234497,-2.876462999974386
1900,1701121435,184965372,-0.9147162118209171,0.726859212895196,0.3139744184278265,0.3779307600751179,-0.9252857965199368,-0.026345444961930628,0.017901197648971832,255,-1,-0.5305097738849085,-2.4580605665790003,-0.8851459662066858,-1.3050749937640589,1.5672321319580078,-2.87694222131838
2000,1701121435,280871152,-0.9119887631283261,0.7276787591824283,0.3206734608715067,0.3772862994909112,-0.9254579776469452,-0.028382808192067982,0.019416385482709034,255,-1,-0.5323775450335901,-2.4512761274920862,-0.8869894186602991,-1.3050625959979456,1.5673041343688965,-2.877338472996847
2100,1701121435,384934425,-0.907262049794854,0.7288913101245176,0.3273060226458146,0.37588779437012615,-0.9259632611403973,-0.029731633246141365,0.02040674021785409,255,-1,-0.5354183355914515,-2.441986862813131,-0.8929618040667933,-1.3050625959979456,1.5672801733016968,-2.8773625532733362
2200,1701121435,480842351,-0.9023902357491316,0.7307226626620178,0.3328617492121432,0.3742372870706973,-0.926579712584428,-0.030815425730876256,0.021139979421659332,255,-1,-0.5389621893512171,-2.4338839689837855,-0.8986471335040491,-1.3051107565509241,1.5672920942306519,-2.8773863951312464
2300,1701121435,585035085,-0.8973463997586274,0.7310901389268241,0.33613051309315306,0.3730871040167477,-0.9270654556487913,-0.030389148941909687,0.02078829924938143,255,-1,-0.5413802305804651,-2.425145928059713,-0.9088919798480433,-1.3050511519061487,1.5673648118972778,-2.8774104754077356
2400,1701121435,681003332,-0.8927548294588599,0.7289187750657,0.337327243932124,0.3729098879105127,-0.927231848819854,-0.028077359467412,0.019773110984924062,255,-1,-0.5418112913714808,-2.414992634450094,-0.9241159597979944,-1.3050387541400355,1.568696141242981,-2.8773985544787806
2500,1701121435,785141706,-0.8867611291333415,0.7251895122205502,0.3403871175594772,0.37289829135216895,-0.927329217224463,-0.024917219776524033,0.019660095297478673,255,-1,-0.541966740285055,-2.3998659292804163,-0.9444149176227015,-1.304967228566305,1.5726794004440308,-2.8774104754077356
2600,1701121435,880944013,-0.8803517368476131,0.7211564714366806,0.3452408620447791,0.37284330501299096,-0.9274037496456584,-0.021687495445498826,0.02097159010337878,255,-1,-0.5423620382892054,-2.3836353460894983,-0.9641874472247522,-1.3048232237445276,1.5787137746810913,-2.8774104754077356
2700,1701121435,985061645,-0.8736094418719548,0.716376985352763,0.351392781245729,0.3728642735625659,-0.9274071724435292,-0.017905606206172698,0.023823502415626235,255,-1,-0.5425775686847132,-2.3655946890460413,-0.9847372213946741,-1.3047755400287073,1.588347315788269,-2.8774223963366907
2800,1701121436,81040620,-0.8684439216681039,0.7121902745531459,0.3575472185931805,0.37277616495615795,-0.9273359871377315,-0.012647767237322551,0.030429127226705103,255,-1,-0.5432007948504847,-2.350910011922018,-0.9999259153949183,-1.3047154585467737,1.6058393716812134,-2.87744647661318
2900,1701121436,185200929,-0.8626977417769957,0.7081774901667428,0.3613535622142714,0.3722981491365904,-0.92730846044445,-0.004697510568815586,0.03835414882471964,255,-1,-0.5447447935687464,-2.3372448126422327,-1.0173404852496546,-1.30463153520693,1.6281427145004272,-2.8774223963366907
3000,1701121436,281056880,-0.8570715600819804,0.7066610770387174,0.36192276472829166,0.37105190671171673,-0.9276138576523291,0.0019200053519407016,0.04300380444114881,255,-1,-0.5476539770709437,-2.3283494154559534,-1.0314276854144495,-1.3046553770648401,1.6427313089370728,-2.877458397542135
3100,1701121436,385198354,-0.8496914915647885,0.7075567822056699,0.3595050223915781,0.3688755724525996,-0.9285168718902426,0.006057699217179716,0.04183939463137647,255,-1,-0.5522149244891565,-2.3208935896502894,-1.04714280763735,-1.3045356909381312,1.6451188325881958,-2.8774223963366907
3200,1701121436,481068611,-0.8438581800864655,0.7093627143983492,0.35790771342560707,0.36683398962980823,-0.9293787148807305,0.008096944826320313,0.04027986920781979,255,-1,-0.5563333670245569,-2.3160861174212855,-1.0568016211139124,-1.3044875303851526,1.6451307535171509,-2.8774104754077356
3300,1701121436,585122108,-0.8381542250951604,0.7120792889960825,0.3613958830111381,0.3645856903311209,-0.9302521609686589,0.007502539922884097,0.040643613442037374,255,-1,-0.5613496939288538,-2.3094337622271937,-1.0619242827044886,-1.3044875303851526,1.6450709104537964,-2.8773863951312464
3400,1701121436,681117296,-0.8323061072364792,0.713889452985183,0.36713365086002775,0.3626174549836081,-0.93099102679472,0.0061426315437302014,0.04155186453869336,255,-1,-0.5654562155352991,-2.300418202077047,-1.0677292982684534,-1.3044994513141077,1.6450709104537964,-2.8773744742022913
3500,1701121436,784780025,-0.8268634760320285,0.7140685827399406,0.37600928038126535,0.3613840731263115,-0.9314007732608978,0.003625127995903361,0.0433706087881166,255,-1,-0.5681627432452601,-2.2885387579547327,-1.0730679670916956,-1.304523770009176,1.6450828313827515,-2.877350393925802
3600,1701121436,881189346,-0.8224725101634963,0.7130867405887157,0.3870999313612795,0.3608001602951274,-0.9315089543070897,3.219152305360302e-05,0.045981641341173406,255,-1,-0.5695627371417444,-2.2758310476886194,-1.0767181555377405,-1.3045952955829065,1.6450588703155518,-2.8773024717914026
3700,1701121436,984687805,-0.818738999863114,0.711700892173065,0.4007578122307759,0.36057759974820275,-0.9313965406981604,-0.004914413318888853,0.049599668114374426,255,-1,-0.5703056494342249,-2.2625725905047815,-1.0776274839984339,-1.3047393004046839,1.6450468301773071,-2.8772786299334925
3800,1701121437,81223487,-0.8154205081080715,0.7101738356535524,0.4136176470096704,0.360478418942582,-0.9312130791342494,-0.009597013565664416,0.05296610290163767,255,-1,-0.5707123915301722,-2.250248734151022,-1.0779631773578089,-1.3051345984088343,1.6449869871139526,-2.8772667090045374
3900,1701121437,184738159,-0.8119302498183413,0.7080197437044335,0.4280376759661424,0.3605598888546698,-0.9308844972214808,-0.014943459479730805,0.05680943936175173,255,-1,-0.5707963148700159,-2.2365577856646937,-1.07813007036318,-1.305338207875387,1.6448787450790405,-2.8772545496570032
4000,1701121437,281227350,-0.8087547540236208,0.7064433608044873,0.4394316453748172,0.36049675033391665,-0.9306445107897284,-0.019137138200134917,0.05980516262950626,255,-1,-0.5711196104632776,-2.22584039369692,-1.0786212126361292,-1.305566136037008,1.6447829008102417,-2.8772905508624476
4100,1701121437,384790182,-0.8065416870142676,0.7055540493110504,0.4452243443808871,0.3603515661075308,-0.9305630698764624,-0.02117155157762227,0.06124448701507635,255,-1,-0.5715625921832483,-2.219966236745016,-1.0802491346942347,-1.3055060545550745,1.6447829008102417,-2.877326552067892
4200,1701121437,480783700,-0.8052724684415065,0.7047520413317764,0.44518100617138257,0.3603241143767909,-0.9306126796449251,-0.02060949866510486,0.060842597310160215,255,-1,-0.5715745131122034,-2.2172682921039026,-1.0846179167376917,-1.3054822126971644,1.644758939743042,-2.877314631138937
4300,1701121437,584951639,-0.8013203387978942,0.7022140518095707,0.4433691972488482,0.360282711908706,-0.930805088469024,-0.018024401292788206,0.058935352191339545,255,-1,-0.5715983549701136,-2.2094395796405237,-1.0996626059161585,-1.3053625265704554,1.6447229385375977,-2.8773024717914026
4400,1701121437,680800914,-0.7940758156071805,0.697597694394818,0.439803388088715,0.3601504979490242,-0.931148168380368,-0.013279940869787892,0.05548288492364752,255,-1,-0.5716102758990687,-2.1958683172809046,-1.1256478468524378,-1.3049309889422815,1.6447468996047974,-2.8772786299334925
4500,1701121437,784913063,-0.7834718753877815,0.6908985871197102,0.43715144332434813,0.3599544053087243,-0.9315125324664869,-0.007889140724811741,0.051526589401385166,255,-1,-0.5716822783099573,-2.1758111158954065,-1.1597359816180628,-1.3040922323810022,1.6447349786758423,-2.8772545496570032
4600,1701121437,880820989,-0.7733338661267792,0.684369575011732,0.4351570108857872,0.3598266421000535,-0.931770835727916,-0.0033024643861541904,0.048135133228018934,255,-1,-0.5717299620257776,-2.156736675892965,-1.1919696966754358,-1.3024738470660608,1.6446510553359985,-2.8772545496570032
4700,1701121437,984995841,-0.7626109433897378,0.6775248057199442,0.4312189653691538,0.35968612327491306,-0.9319880100537856,0.0005925194071571147,0.044987673425070554,255,-1,-0.5716941992389124,-2.137577835713522,-1.2276032606707972,-1.2953909079181116,1.6440634727478027,-2.877206627522604
4800,1701121438,81202745,-0.7543058920981699,0.6724829490211501,0.4268184124448441,0.359760112098993,-0.9318681223596537,-0.0038480171890346764,0.046686797235690275,255,-1,-0.5717061201678675,-2.1224473158465784,-1.2621482054339808,-1.264123264943258,1.6414239406585693,-2.8771947065936487
4900,1701121438,184695243,-0.747959691437381,0.6685831128144583,0.42187116125919344,0.3601348446654311,-0.9307949079115158,-0.021921015614430397,0.05867880484664345,255,-1,-0.5717180410968226,-2.108767334614889,-1.3025229612933558,-1.1919825712787073,1.6397442817687988,-2.8771467844592493
5000,1701121438,281178474,-0.7424955027365098,0.6650917364018222,0.418342718156871,0.36034493442003945,-0.9288672868687959,-0.04312510908098509,0.07414389111432293,255,-1,-0.5717061201678675,-2.096490208302633,-1.340097729359762,-1.1141966024981897,1.6397442817687988,-2.877218786870138
5100,1701121438,384776353,-0.7356588250240059,0.6607182204365116,0.41395072327100985,0.3603194436742327,-0.9265826904678184,-0.06218871649846704,0.08801692891702036,255,-1,-0.5716941992389124,-2.0836971441852015,-1.3794453779803675,-1.0414875189410608,1.6397442817687988,-2.877218786870138
5200,1701121438,481192350,-0.7279869766431596,0.6557722779121362,0.4088355443348505,0.36023582221384404,-0.9249363216502622,-0.07372762918292168,0.09637006786893877,255,-1,-0.5717418829547327,-2.0711196104632776,-1.4153459707843226,-0.9906600157367151,1.6397203207015991,-2.877230707799093
5300,1701121438,584776878,-0.7171529876004828,0.6495448385246053,0.400910724052582,0.35979196802761776,-0.923926896001095,-0.0820987314387828,0.10083961961817395,255,-1,-0.5721610228167933,-2.056300465260641,-1.458094898854391,-0.9444125334369105,1.6368407011032104,-2.877242628728048
5400,1701121438,681263446,-0.7062385034235806,0.6440062226853737,0.39024931137603047,0.35897811788217115,-0.9233225835858357,-0.09082203390740363,0.10179133400773192,255,-1,-0.5727241675006312,-2.044394318257467,-1.5005705992328089,-0.8981569449054163,1.6271588802337646,-2.877206627522604
5500,1701121438,784794092,-0.6937676730393528,0.6399851682760713,0.3772271705071039,0.3564742795124472,-0.9228833716600839,-0.10909164584921714,0.09649550852400378,255,-1,-0.5733345190631312,-2.0346344153033655,-1.546626392995016,-0.8379996458636683,1.5947659015655518,-2.877206627522604
5600,1701121438,880716085,-0.6832415055096234,0.6384309175388876,0.3645491487293931,0.35264878116427006,-0.9224055975618158,-0.13113084418911383,0.08724363834821804,255,-1,-0.573921028767721,-2.030581776295797,-1.5842917601214808,-0.7793219725238245,1.5537840127944946,-2.877206627522604
5700,1701121438,984753608,-0.6736774163692474,0.6367443733372066,0.35329520904652373,0.3484869932743944,-0.921115458528097,-0.15303683559987477,0.08174872799452494,255,-1,-0.574496094380514,-2.0274646917926233,-1.618941609059469,-0.7180994192706507,1.519736886024475,-2.877242628728048
5800,1701121439,80755710,-0.667182733066917,0.6343389306254053,0.3463982348459015,0.34572848612443013,-0.919053675481679,-0.16931977581368082,0.08451608713216108,255,-1,-0.5745919386493128,-2.02511436143984,-1.6448515097247522,-0.6641371885882776,1.5063965320587158,-2.877218786870138
5900,1701121439,184911727,-0.6624907995027256,0.6312959561163898,0.3405032484957595,0.3439868726210268,-0.916042614345903,-0.18323108662361412,0.09468542158885124,255,-1,-0.5745919386493128,-2.0244668165790003,-1.6680682341205042,-0.6065400282489222,1.5064324140548706,-2.877218786870138
6000,1701121439,280871152,-0.6581287632342091,0.6285611483562493,0.33552726567470703,0.34236452609728646,-0.9132736928891837,-0.19500607569770695,0.10339402104432144,255,-1,-0.5746634642230433,-2.0237954298602503,-1.687920395527975,-0.557685677205221,1.5064564943313599,-2.877218786870138
6100,1701121439,384863376,-0.6524130507654371,0.624869798948722,0.32935647536702156,0.34104425339658917,-0.9108902489752881,-0.20441309915283415,0.11037688363798956,255,-1,-0.5746873060809534,-2.0220325628863733,-1.7109101454364222,-0.5132635275470179,1.506468415260315,-2.8771947065936487
6200,1701121439,480673551,-0.6466321330781973,0.6211794985695904,0.3225826133016517,0.34020746759288184,-0.9094061158173394,-0.2100250298113669,0.11458133513270186,255,-1,-0.5747349897967737,-2.020402256642477,-1.7322362104998987,-0.47973615327943975,1.5065163373947144,-2.8771827856646937
6300,1701121439,584762096,-0.6408709107367875,0.6176352543354047,0.31462589742176045,0.3397413156264665,-0.9086771207613795,-0.21280180784157052,0.11660668608860462,255,-1,-0.5749748388873499,-2.0198386351214808,-1.7519820372210901,-0.4541695753680628,1.506540298461914,-2.877242628728048
6400,1701121439,680653333,-0.637825548213861,0.6157796080353992,0.30908602924941053,0.33991694357857466,-0.909108757335802,-0.2112783450911998,0.11549545315326365,255,-1,-0.5750945250140589,-2.0201619307147425,-1.7616093794452112,-0.44865161577333623,1.506600260734558,-2.877242628728048
6500,1701121439,785004138,-0.6376954682215438,0.6156719070338834,0.3083988427041342,0.3399559849257199,-0.9092203014665552,-0.2108896946034206,0.11521244908570473,255,-1,-0.5750344435321253,-2.0204861799823206,-1.7617772261248987,-0.4486640135394495,1.5065642595291138,-2.8771947065936487
6600,1701121439,880942106,-0.6377085463857424,0.6156640768641275,0.30830791154423587,0.3400004209877879,-0.9092332027231581,-0.21079271717046677,0.11515696757820185,255,-1,-0.5749629179583948,-2.0205100218402308,-1.7618611494647425,-0.44880754152406865,1.506636142730713,-2.877230707799093
6700,1701121439,985009908,-0.6377106647718418,0.615565317783589,0.3081579552435251,0.34008544189870615,-0.9092884282347523,-0.2104917120191649,0.11502037062266963,255,-1,-0.5748551527606409,-2.020533863698141,-1.7620165983783167,-0.44946605363954717,1.506767988204956,-2.877230707799093
6800,1701121440,80912351,-0.637818142866293,0.6154611753808603,0.3078253610357284,0.34022502042282105,-0.909345940952241,-0.21009223716004247,0.11488318866162678,255,-1,-0.5747831503497522,-2.020785633717672,-1.7619927565204065,-0.44990855852235967,1.5069241523742676,-2.877230707799093
6900,1701121440,184964895,-0.6378206721426558,0.615465440437715,0.30764658328946964,0.340226322141901,-0.9093785216188957,-0.20999462028601681,0.114799884977985,255,-1,-0.574747387562887,-2.0209177176104944,-1.7620766798602503,-0.44996864000429326,1.5069241523742676,-2.8771947065936487
7000,1701121440,280859231,-0.6378266014823141,0.6154842637020669,0.30759665639945705,0.34024674364456703,-0.909385713350718,-0.20995797552674442,0.1147494065587482,255,-1,-0.5747950712787073,-2.020965878163473,-1.7621005217181605,-0.44998056093324834,1.5069361925125122,-2.877230707799093
7100,1701121440,385035991,-0.6378272928137253,0.6154996944795696,0.3075183755873028,0.34022691597979904,-0.909403315400231,-0.2099308330069676,0.11471835483018111,255,-1,-0.5748551527606409,-2.021085564290182,-1.7621367613421839,-0.45002872148622686,1.5069001913070679,-2.877242628728048
7200,1701121440,480958700,-0.6378468713623152,0.615545500535175,0.3066093943719994,0.34029392246494955,-0.9095181701410054,-0.2094945956969968,0.11440611386865526,255,-1,-0.5748308340655726,-2.0220444838153284,-1.7623642126666468,-0.4500044027911585,1.506972074508667,-2.877218786870138
7300,1701121440,585022449,-0.6377330551755853,0.6155392973562962,0.3040214002605646,0.34045191806094743,-0.9098819230084254,-0.20819762462782437,0.11340690794851627,255,-1,-0.574867073689596,-2.024179283772604,-1.7637532393084925,-0.44996864000429326,1.5068882703781128,-2.877218786870138
7400,1701121440,680946826,-0.6369578719816289,0.6149299495809267,0.3000019494066592,0.3407914846526799,-0.9104532560859643,-0.20598429826368753,0.11183246996961035,255,-1,-0.5748069922076624,-2.026313130055563,-1.7676690260516565,-0.4497173468219202,1.5069122314453125,-2.8771827856646937
7500,1701121440,784514665,-0.6355782723630788,0.6139453195120376,0.29681658795993504,0.3409280746132594,-0.9105813892697957,-0.20535329066137237,0.11153298826145809,255,-1,-0.5747712294207972,-2.0270445982562464,-1.7728660742389124,-0.44409162202943975,1.5072845220565796,-2.8771708647357386
7600,1701121440,880958318,-0.6342662497887241,0.6127698757717981,0.2968354308611899,0.3400615579934501,-0.9082405466250199,-0.21279902970437203,0.11905384999331231,255,-1,-0.5747349897967737,-2.0270689169513147,-1.7801106611834925,-0.41250592867006475,1.5111831426620483,-2.8771348635302942
7700,1701121440,984627723,-0.6303948747470799,0.6085928636429075,0.29711519903688033,0.33833823407290775,-0.9005364726926048,-0.23272948320568734,0.1428225765122631,255,-1,-0.5747712294207972,-2.027116600667135,-1.8008635679828089,-0.3273056189166468,1.5272704362869263,-2.8771587053882044
7800,1701121441,81075906,-0.6230348141060099,0.6012963558987672,0.29339364820530944,0.33770331370587464,-0.8910833076503785,-0.2510664284044768,0.16997840823808266,255,-1,-0.5747230688678187,-2.0271766821490687,-1.8314126173602503,-0.23328143755067998,1.550400733947754,-2.877110544835226
7900,1701121441,184674978,-0.6124853849876427,0.5914651024140627,0.28558545266633023,0.33839172470753043,-0.8810706779145205,-0.2654945917308737,0.19676921235388117,255,-1,-0.5747831503497522,-2.0275004545794886,-1.8694117704974573,-0.1377938429461878,1.5780056715011597,-2.8771348635302942
8000,1701121441,280582666,-0.6013896042706798,0.5818763680683736,0.2770436909983609,0.33923725930134535,-0.8724306459416136,-0.276617424101315,0.21740664802890441,255,-1,-0.5747593084918421,-2.0281241575824183,-1.9056642691241663,-0.05637103716005498,1.5994925498962402,-2.8770864645587366
8100,1701121441,384629726,-0.5898427556824172,0.5720246199600759,0.2697179015350759,0.3397005740086529,-0.8615902711422881,-0.29079338118265285,0.24021851334048017,255,-1,-0.5747593084918421,-2.030210320149557,-1.9405882994281214,0.03519320487976074,1.6212679147720337,-2.8768704573260706
8200,1701121441,480568647,-0.5814800448559545,0.5647537936582321,0.26419451390958704,0.3394903224151893,-0.8502135753323568,-0.30658151422052626,0.2605589615523732,255,-1,-0.5746753851519983,-2.0368288199054163,-1.9646509329425257,0.11975502967834473,1.6368765830993652,-2.876822535191671
8300,1701121441,584594964,-0.5763360198451057,0.5605092375680444,0.2579032290835117,0.33799008811070413,-0.8395649482013618,-0.3231554376137777,0.2765211768223384,255,-1,-0.5745318571673792,-2.0498021284686487,-1.9787123839007776,0.19598734378814697,1.6434754133224487,-2.876810375844137
8400,1701121441,680560827,-0.576696322745288,0.5602109602480326,0.25038394294478683,0.33617526350077137,-0.8321091371573346,-0.3357850530266891,0.28605764145242946,255,-1,-0.5740287939654749,-2.0689857641803187,-1.9795506636248987,0.25015830993652344,1.644710898399353,-2.8767624537097376
8500,1701121441,784640789,-0.5787512808665556,0.5590922158104309,0.2387667322729054,0.33751056717641115,-0.825862382627692,-0.34097761914874797,0.29626374270980305,255,-1,-0.5728195349322718,-2.0922582785235804,-1.9795869032489222,0.29554784297943115,1.6572366952896118,-2.8767624537097376
8600,1701121441,880613803,-0.5806051916446403,0.5572705951606294,0.22793038157102682,0.34194610852451696,-0.8194732679913295,-0.3398743633674134,0.30987390828875105,255,-1,-0.5727360884295862,-2.112771813069479,-1.9794190565692347,0.33271801471710205,1.6851191520690918,-2.8767624537097376
8700,1701121441,984662532,-0.5825340540225856,0.553967404839542,0.21832030313594192,0.349429558282062,-0.81062440545119,-0.3354134018448037,0.3290667211199029,255,-1,-0.5727480093585413,-2.1318472067462366,-1.9794791380511683,0.37055861949920654,1.7273151874542236,-2.876714531575338
8800,1701121442,80631494,-0.5841186744962041,0.5507101280327907,0.21012289982064442,0.35692254155348585,-0.8029221454083261,-0.3291534114503645,0.34580393212697563,255,-1,-0.5726760069476526,-2.1478169600116175,-1.9794076124774378,0.39878034591674805,1.7665733098983765,-2.8767505327807825
8900,1701121442,184761524,-0.5857032197554248,0.5473272928785834,0.1997292370788032,0.3648844327574164,-0.7959627679683199,-0.3205645551204966,0.3613045650692876,255,-1,-0.5726402441607874,-2.1659444014178675,-1.9796465078936976,0.4242509603500366,1.807018518447876,-2.8767266909228724
9000,1701121442,280673980,-0.5871539953589262,0.5439604554067746,0.19089404356400475,0.3719597631138305,-0.7894755703869031,-0.31302596878429806,0.37468520287466495,255,-1,-0.5719574133502405,-2.1815298239337366,-1.9795869032489222,0.4467426538467407,1.84210205078125,-2.876714531575338
9100,1701121442,384787082,-0.5894682449059511,0.5384263678889363,0.18409710637790255,0.3802513089589048,-0.7795328189764605,-0.3078065170606353,0.39114277984983065,255,-1,-0.5682819525348108,-2.1958206335650843,-1.9796107451068323,0.477944016456604,1.878888726234436,-2.876714531575338
9200,1701121442,480746030,-0.5935224553732442,0.5310996191026516,0.1824157005660969,0.38738096786823895,-0.7698257696541857,-0.30698269948314255,0.4038141804442354,255,-1,-0.5595901648150843,-2.2020185629474085,-1.979694668446676,0.5033434629440308,1.8992862701416016,-2.8767505327807825
9300,1701121442,584766149,-0.6008838377528424,0.5213934351505094,0.18415224535960412,0.393611619083445,-0.7629333443029644,-0.30766259422510034,0.41030029684108765,255,-1,-0.5441816488849085,-2.2020066420184534,-1.9797785917865198,0.5157138109207153,1.9021778106689453,-2.8767266909228724
9400,1701121442,680672883,-0.6101130061528612,0.5102260715885157,0.18428081658422105,0.400499900188793,-0.7588854180610483,-0.30451069288811866,0.4134803382506509,255,-1,-0.5255053679095667,-2.202090565358297,-1.9801138083087366,0.5172210931777954,1.9020938873291016,-2.8767505327807825
9500,1701121442,784805297,-0.6202327163459439,0.4959401509490772,0.1832643579288419,0.40896785780556455,-0.7548171565058768,-0.29930782055076677,0.41642668032135055,255,-1,-0.5033696333514612,-2.202078644429342,-1.9832399527179163,0.5183342695236206,1.9021059274673462,-2.8767624537097376
9600,1701121442,880720138,-0.6258072534674619,0.48241805312377256,0.18012948606082163,0.4161321474938275,-0.7520734502835911,-0.29379456746353044,0.41821563018331487,255,-1,-0.4848979155169886,-2.2022226492511194,-1.9920676390277308,0.5230237245559692,1.9022138118743896,-2.876702610646383
9700,1701121442,984825372,-0.6279582530178838,0.4678268906844365,0.176862105313853,0.42272461764052216,-0.747096972565311,-0.2917067167066816,0.42196824839391534,255,-1,-0.4670603911029261,-2.2022345701800745,-2.0066564718829554,0.5436981916427612,1.9021897315979004,-2.876702610646383
9800,1701121443,80759763,-0.6256840969306994,0.45302533937637135,0.1746405899337557,0.4278172129382709,-0.7381112437045451,-0.2961301151841426,0.42950108161876177,255,-1,-0.45105487505068,-2.2022464911090296,-2.025689427052633,0.5859912633895874,1.9020580053329468,-2.876690689717428
9900,1701121443,184833526,-0.622131745675106,0.4377048163768546,0.17330517521402933,0.43252560928175693,-0.7268994653614196,-0.3030393802557517,0.43898279987596006,255,-1,-0.4348700682269495,-2.2022584120379847,-2.0455859343158167,0.6347464323043823,1.9019980430603027,-2.876690689717428
10000,1701121443,280829191,-0.6208466688663705,0.42404114475303595,0.17104953082346389,0.4376741149191482,-0.7198720253269456,-0.3042225711790069,0.44460573935415587,255,-1,-0.4187210241900843,-2.2022107283221644,-2.0610745588885706,0.662061333656311,1.9019380807876587,-2.876690689717428
10100,1701121443,384855508,-0.6231463466640197,0.40958924639475136,0.16659270445216517,0.4450115560763044,-0.7180914660659222,-0.2967802971514983,0.4452311944872115,255,-1,-0.3992088476764124,-2.2021988073932093,-2.0739997068988245,0.6647776365280151,1.9018179178237915,-2.876678530369894
10200,1701121443,480800151,-0.6270315744648002,0.3961968640297037,0.16331549120661615,0.45225509546952347,-0.7161684422929518,-0.28949993832807974,0.4458226963643473,255,-1,-0.3803790251361292,-2.2022107283221644,-2.082468334828512,0.6648377180099487,1.9017819166183472,-2.876690689717428
10300,1701121443,584339380,-0.6334116754060666,0.38254310682404824,0.1618991552886272,0.4598226930202702,-0.7124613103089935,-0.2835649571697652,0.4478313157447654,255,-1,-0.3597067038165491,-2.202174965535299,-2.0858824888812464,0.6648255586624146,1.9017819166183472,-2.8766666094409388
10400,1701121443,680833101,-0.6401633159176595,0.37113914809726806,0.16191660769283187,0.46617322625940966,-0.7082913234782102,-0.27961382777903215,0.4503576706564865,255,-1,-0.3418229261981409,-2.2022464911090296,-2.0858824888812464,0.6649810075759888,1.9016740322113037,-2.876714531575338
10500,1701121443,784392595,-0.6467670514820433,0.3593554568883803,0.16188451520293154,0.4725255855374257,-0.7039572560086353,-0.27576107811837586,0.45290129224842884,255,-1,-0.3237364927874964,-2.2022226492511194,-2.086038414631979,0.6657224893569946,1.901229977607727,-2.8766427675830286
10600,1701121443,880858659,-0.6517589638675154,0.3499594218804524,0.1621555106227429,0.4773883877898084,-0.7000344859660534,-0.2733402520038024,0.45534289529560956,255,-1,-0.3095038572894495,-2.202306572590963,-2.0860264937030237,0.6681874990463257,1.9008220434188843,-2.8766546885119837
10700,1701121443,984462499,-0.6558611007036763,0.3412989379560445,0.16279467969068567,0.4814699755380209,-0.6954596698704173,-0.2725540728071974,0.4585158531995993,255,-1,-0.29654056230653936,-2.202534023915426,-2.086158100758688,0.6747320890426636,1.9002101421356201,-2.8766427675830286
10800,1701121444,80904483,-0.657545691558978,0.33450549551952624,0.16276361217996604,0.48442634093200077,-0.6915821186489467,-0.27231709109318014,0.46139862946785587,255,-1,-0.28704816499818975,-2.2028940359698694,-2.0889256636248987,0.6840173006057739,1.9002221822738647,-2.8766666094409388
10900,1701121444,184501409,-0.6550540413058263,0.32721165090662124,0.1616010494099692,0.486772973746981,-0.6869748831682115,-0.27349253125047485,0.4651015128719226,255,-1,-0.2783106009112757,-2.2033374945269983,-2.0992396513568323,0.7043575048446655,1.9000779390335083,-2.8766427675830286
11000,1701121444,280363321,-0.6492127056643747,0.319476633720202,0.15845839173763807,0.48927466975667816,-0.6838004015662246,-0.2730526803647578,0.4674072550763252,255,-1,-0.2702549139605921,-2.2034576574908655,-2.1156161467181605,0.7245906591415405,1.9000779390335083,-2.8766666094409388
11100,1701121444,384468078,-0.6427831441089862,0.3121202981997545,0.15337820470538122,0.492477773080364,-0.6842194596930247,-0.2684619565638171,0.4660874938003787,255,-1,-0.26261836687196904,-2.203421417866842,-2.134028736745016,0.7328592538833618,1.900041937828064,-2.8766546885119837
11200,1701121444,480427742,-0.6368459696166938,0.30576133458047344,0.14748992237209968,0.4959547838197132,-0.687109025336395,-0.26114608115588156,0.4622907786280584,255,-1,-0.2559755484210413,-2.203397576008932,-2.151482884083883,0.732871413230896,1.900089979171753,-2.8766546885119837
11300,1701121444,584596633,-0.6321384137530243,0.2975335313162298,0.1421274161476141,0.5004571343260764,-0.6887937461853451,-0.2535506069136466,0.4591491279005234,255,-1,-0.24592096010317022,-2.2033255735980433,-2.1677640120135706,0.7331465482711792,1.9001498222351074,-2.8766546885119837
11400,1701121444,680455446,-0.6307752071166624,0.2887086388621586,0.13882749588336477,0.5052816686793795,-0.6883128864562742,-0.24746889038743175,0.4579027778090313,255,-1,-0.23358041444887334,-2.2032654921161097,-2.177636448537008,0.7334693670272827,1.9001379013061523,-2.8766306082354944
11500,1701121444,784508943,-0.6349625651703528,0.2780289935963473,0.13855713023160127,0.5110509818694544,-0.6843379467975874,-0.243376309933223,0.4596481700892725,255,-1,-0.21648866335024053,-2.2032058874713343,-2.1783908049212855,0.7335413694381714,1.9000300168991089,-2.8766546885119837
11600,1701121444,880421161,-0.6398856423084008,0.2665094233506988,0.1385647795663308,0.5171774836218263,-0.6797438613498379,-0.23929406368722228,0.4617511066319858,255,-1,-0.19836742082704717,-2.2031338850604456,-2.1783669630633753,0.733505368232727,1.8996820449829102,-2.876678530369894
11700,1701121444,984499216,-0.6448881757565733,0.2543423554167917,0.13853884751539008,0.5233353434496107,-0.6750595218801094,-0.23554682792531656,0.4636080802464484,255,-1,-0.17921621004213506,-2.203169647847311,-2.1783669630633753,0.7337926626205444,1.8974264860153198,-2.8766546885119837
11800,1701121445,80439805,-0.6487635185646587,0.2443128346311132,0.13899609460410414,0.5275518933591882,-0.6709202938068608,-0.23482745302657143,0.4651999854646435,255,-1,-0.16313010851015264,-2.2031219641314905,-2.1784384886371058,0.7381237745285034,1.8919552564620972,-2.8766306082354944
11900,1701121445,184560537,-0.6516314466456005,0.23376999497467332,0.1415883629574213,0.52985905707812,-0.6629985708905212,-0.24079635073858596,0.47084964914544836,255,-1,-0.1459429899798792,-2.203193966542379,-2.178570572529928,0.7615641355514526,1.8810844421386719,-2.8766427675830286
12000,1701121445,280468940,-0.6530935196197181,0.2254943534429579,0.14635928126125178,0.5265723386807232,-0.654256128259535,-0.2583591107325046,0.47741078818211263,255,-1,-0.12989312807192022,-2.203169647847311,-2.1786187330829065,0.8016616106033325,1.8519526720046997,-2.876594845448629
12100,1701121445,384542942,-0.6547682676284765,0.2172077565053262,0.1512214640579274,0.5189072862394812,-0.6482122919586171,-0.28283297675557373,0.4801682622799166,255,-1,-0.11082679430116826,-2.2031458059894007,-2.178918186818258,0.8427060842514038,1.8027836084365845,-2.8766306082354944
12200,1701121445,480490207,-0.6573781410682793,0.20838835499988792,0.15289133840645291,0.5138543280370966,-0.6475931082858009,-0.29846765256268476,0.47696326486638285,255,-1,-0.09107906023134404,-2.2031219641314905,-2.180487934743063,0.8594468832015991,1.7572746276855469,-2.8766306082354944
12300,1701121445,584654569,-0.6596013861830637,0.19637872553408478,0.15088004571005906,0.5134096428239087,-0.6507282467624274,-0.3055927779145133,0.4685897369847261,255,-1,-0.06709367433656865,-2.2031577269183558,-2.1868374983416956,0.8599017858505249,1.7153778076171875,-2.8766546885119837
12400,1701121445,680539608,-0.660774606774869,0.18322397163943296,0.14847374752810427,0.516002528881429,-0.6518472351078979,-0.3078987916480167,0.46263906706184055,255,-1,-0.043372933064596,-2.2031219641314905,-2.194289509450094,0.8599733114242554,1.6868467330932617,-2.8766666094409388
12500,1701121445,784768342,-0.6612127364230427,0.1682875610416649,0.1456834517614436,0.5206012824501695,-0.6516809291979726,-0.30776223445611156,0.457786717012942,255,-1,-0.017545048390523732,-2.2031577269183558,-2.203203026448385,0.8599973917007446,1.6625993251800537,-2.8766427675830286
12600,1701121445,880670547,-0.6623573099315093,0.15384863669640933,0.14389074983612535,0.5252668405660558,-0.6500203808287534,-0.30747274828098997,0.45500413160050657,255,-1,0.0069894250482320786,-2.2031338850604456,-2.208989922200338,0.8610984086990356,1.6434155702590942,-2.8766546885119837
12700,1701121445,984802484,-0.6650678570448534,0.1380124239901584,0.14349350546380557,0.5312238187571043,-0.6453462440760149,-0.30538876076215415,0.45614381991018516,255,-1,0.0322420597076416,-2.2031458059894007,-2.2105234305011194,0.862726092338562,1.6331933736801147,-2.8766546885119837
12800,1701121446,80657482,-0.6680763104962952,0.12283430262327405,0.14360246280006733,0.538127819356708,-0.6393169473580268,-0.30091429405565506,0.45950286015235525,255,-1,0.05540045350790024,-2.203181568776266,-2.2105591932879847,0.8634439706802368,1.6317660808563232,-2.8766427675830286
12900,1701121446,184830427,-0.6710661252281217,0.10603590048410458,0.1435928804278355,0.5453956543998998,-0.633169214703899,-0.2965301130687132,0.46228802467337304,255,-1,0.08102384954690933,-2.203181568776266,-2.210547749196188,0.8634320497512817,1.6270266771316528,-2.8766306082354944
13000,1701121446,280718803,-0.6733482807769514,0.09099631194175901,0.14356960318706494,0.5518088031683525,-0.6276669778290216,-0.2925978501601323,0.46468022098058104,255,-1,0.10390660166740417,-2.203169647847311,-2.2105591932879847,0.8634198904037476,1.6225876808166504,-2.8766546885119837
13100,1701121446,384282588,-0.6757280701816443,0.07533407830518005,0.14354459625814786,0.556178282005761,-0.6239195400931061,-0.29298430312261053,0.46427397540556276,255,-1,0.12969741225242615,-2.203169647847311,-2.210571591054098,0.8634439706802368,1.6025283336639404,-2.8766427675830286
13200,1701121446,480748653,-0.6779883795453467,0.06188050450496542,0.14358427684349168,0.5563203298409626,-0.6237893744937187,-0.3002651331353802,0.4596034776821972,255,-1,0.15465080738067627,-2.2031338850604456,-2.2105353514300745,0.863599419593811,1.564845085144043,-2.8766067663775843
13300,1701121446,584358215,-0.6800457038838422,0.046819761718801964,0.14365924581659686,0.55588385404275,-0.6238905844084862,-0.3090579264739232,0.4541331055810129,255,-1,0.18277516961097717,-2.2031458059894007,-2.210547749196188,0.8639825582504272,1.5212723016738892,-2.8760913054095667
13400,1701121446,680246591,-0.681384120619458,0.03265035445329198,0.14392153713832267,0.555739535998039,-0.6231479261499538,-0.31573747331967744,0.4507217303452337,255,-1,0.2082783430814743,-2.2031458059894007,-2.2106316725360315,0.8656696081161499,1.4863502979278564,-2.8748202959643763
13500,1701121446,784412145,-0.6817795722022609,0.018441212778672694,0.14497375833826598,0.5545865606437077,-0.6208855759828618,-0.3220664251903095,0.4507860535275551,255,-1,0.23333923518657684,-2.2031338850604456,-2.210823361073629,0.87389075756073,1.4559152126312256,-2.872361723576681
13600,1701121446,880309343,-0.6817004266620048,0.0045703772340683155,0.14558404348570234,0.5571433771343951,-0.6166228942632812,-0.3213432035615981,0.45398899668430803,255,-1,0.25533628463745117,-2.2031100432025355,-2.211062733327047,0.8782826662063599,1.4462945461273193,-2.869591776524679
13700,1701121446,984455823,-0.681586926478529,-0.01257035005735255,0.14556955208173683,0.5630968739067372,-0.611183870094717,-0.31435382163838194,0.45886584352493287,255,-1,0.2807563245296478,-2.2031458059894007,-2.211074177418844,0.8782945871353149,1.4462345838546753,-2.8635719458209437
13800,1701121447,80307960,-0.6810453485897165,-0.029750932463578246,0.14553765293957047,0.5684755916314688,-0.6061998184012662,-0.3070380016466951,0.463772516902767,255,-1,0.306104838848114,-2.203193966542379,-2.2111104170428675,0.8782945871353149,1.4454784393310547,-2.856161657963888
13900,1701121447,184482336,-0.6800591326317832,-0.04777260120807547,0.1455412595022703,0.5704521263112169,-0.6043093194600843,-0.29711169771778234,0.47023319436207217,255,-1,0.3326854705810547,-2.203193966542379,-2.211074177418844,0.8782585859298706,1.4432231187820435,-2.836100403462545
14000,1701121447,280385971,-0.6790668787531855,-0.06216486419004326,0.1456158261118839,0.5672956089113587,-0.6070404014167445,-0.2891089853347555,0.47549304701162187,255,-1,0.35485029220581055,-2.2032058874713343,-2.2109549681292933,0.8782585859298706,1.4327144622802734,-2.8097077051745813
14100,1701121447,384510517,-0.6782110511352123,-0.0748906978612976,0.1458319342620748,0.5585084551766833,-0.6143496103035594,-0.2878062669621773,0.4772948926118058,255,-1,0.37754204869270325,-2.2032058874713343,-2.2107752005206507,0.8782228231430054,1.4007574319839478,-2.7799575964557093
14200,1701121447,480420827,-0.6774563783020497,-0.08668965316425457,0.14627024428354907,0.5489606087989761,-0.6216115104755464,-0.289791464418007,0.47776802653781064,255,-1,0.39985066652297974,-2.2032416502581995,-2.2100566069232386,0.8781987428665161,1.3641347885131836,-2.7537458578692835
14300,1701121447,584358692,-0.676057589624423,-0.10136639931677421,0.1468376411141554,0.5390170523498815,-0.6284779742483948,-0.2936052568081033,0.4777781978442789,255,-1,0.42744961380958557,-2.2032416502581995,-2.2092297712909144,0.8781388998031616,1.3197399377822876,-2.727485958729879
14400,1701121447,680279970,-0.6743690934909119,-0.11715195588512879,0.1476809984360662,0.5309668094058918,-0.6332513114625126,-0.29518351113884683,0.47951404420733856,255,-1,0.45547959208488464,-2.2032178084002894,-2.2073963324176233,0.8780912160873413,1.2825199365615845,-2.702677313481466
14500,1701121447,784423351,-0.6727533217115669,-0.13553561143121642,0.14912518925395726,0.523136431329568,-0.6369656974631407,-0.29543359143433223,0.4830341266652604,255,-1,0.4863224923610687,-2.2032654921161097,-2.2033589521991175,0.8775407075881958,1.2467039823532104,-2.6771259943591517
14600,1701121447,880307435,-0.6728598592043806,-0.15274671636237944,0.15192733517081525,0.5160092652677468,-0.638538658041476,-0.2966082397395232,0.4878794650967106,255,-1,0.5130963921546936,-2.2032297293292444,-2.1945412794696253,0.8771697282791138,1.2152191400527954,-2.658240620289938
14700,1701121447,984307765,-0.6751007557538622,-0.17182165343318198,0.15643827700382268,0.5096147917293129,-0.6379817438188435,-0.29852864020552666,0.49411811298675906,255,-1,0.5399785041809082,-2.2032654921161097,-2.179337803517477,0.8742738962173462,1.185858130455017,-2.6446197668658655
14800,1701121448,80181360,-0.6784328771937191,-0.18921895408881756,0.1610647329055375,0.5070595460645844,-0.6351834750615187,-0.3022135345184788,0.49809592380122797,255,-1,0.5624440312385559,-2.2034452597247522,-2.1625407377826136,0.8676799535751343,1.1606354713439941,-2.64268929163088
14900,1701121448,184302568,-0.682540118533636,-0.20653223151329614,0.1649819196870416,0.5070445152647368,-0.6334584122004576,-0.3062930349508532,0.4978161069039636,255,-1,0.5835452675819397,-2.2034695784198206,-2.1448825041400355,0.8494306802749634,1.1359412670135498,-2.642233912144796
15000,1701121448,280742406,-0.687621782767277,-0.22254945772907989,0.16629386617558184,0.5134114925041057,-0.6338986010571653,-0.30650809165730436,0.4905445878725735,255,-1,0.6001946926116943,-2.203421417866842,-2.1285422484027308,0.8122755289077759,1.1222212314605713,-2.6405070463763636
15100,1701121448,384319543,-0.6949719082823241,-0.24127593863719987,0.16710253465855773,0.5239957313041022,-0.635435106419368,-0.3006805622931765,0.4808761779959004,255,-1,0.6164849996566772,-2.203385655079977,-2.1070383230792444,0.7591351270675659,1.120649814605713,-2.632725779210226
15200,1701121448,480837106,-0.7040170868263799,-0.25960635507670976,0.17039787038147758,0.5289146475060027,-0.6385146118649174,-0.29298257933558963,0.4761403094618851,255,-1,0.6297110915184021,-2.2033494154559534,-2.0804322401629847,0.7114049196243286,1.1205778121948242,-2.615567747746603
15300,1701121448,584393978,-0.7149832227361912,-0.2776138954056131,0.1763085931834985,0.5278810253353354,-0.6440099172765517,-0.2838991880567549,0.4753883681381773,255,-1,0.6402804255485535,-2.203385655079977,-2.048987690602438,0.665627121925354,1.1205898523330688,-2.5896576086627405
15400,1701121448,680181264,-0.725843913485214,-0.291607530122384,0.18214797585501388,0.5259151155785479,-0.6499537961716657,-0.27663188495821783,0.4737595954410916,255,-1,0.6463130116462708,-2.203373734151022,-2.019796673451559,0.622231125831604,1.1206377744674683,-2.566601101552145
15500,1701121448,784429073,-0.7383826118282131,-0.3049626078733108,0.18786684879218396,0.5261643475100287,-0.6569199847169891,-0.27040269425880076,0.4674287068916048,255,-1,0.6502745747566223,-2.2033255735980433,-1.988605801259176,0.567015528678894,1.1206737756729126,-2.545630995427267
15600,1701121448,880281686,-0.7484845964660406,-0.31719555786501724,0.19196886138867064,0.5284979056545738,-0.6631201200218905,-0.2650194717855774,0.45904939790329335,255,-1,0.6550745964050293,-2.2033494154559534,-1.96293813387026,0.5144935846328735,1.120649814605713,-2.5279343763934534
15700,1701121448,984565258,-0.7562782768537286,-0.33010083103415644,0.19623374103922625,0.5285835317281851,-0.6693594958309014,-0.25822729094896113,0.45373558548555654,255,-1,0.6618973612785339,-2.2033613363849085,-1.9397862593280237,0.4708617925643921,1.1206377744674683,-2.505622212086813
15800,1701121449,80290079,-0.7622347647355946,-0.34110549088843384,0.20103752556586743,0.5264372801448859,-0.6741643498370286,-0.25226317026221423,0.45247045473901226,255,-1,0.6681932210922241,-2.203373734151022,-1.9198926130877894,0.44041383266448975,1.1205778121948242,-2.485312048588888
15900,1701121449,184374570,-0.7692966867833629,-0.35215859717211306,0.20697159803938148,0.5236685208851688,-0.6793222952642014,-0.24641035337487666,0.45119223967238736,255,-1,0.6731131076812744,-2.203373734151022,-1.8968852202044886,0.4065805673599243,1.1205538511276245,-2.4645231405841272
16000,1701121449,280387401,-0.7783941819269932,-0.35993552299122467,0.21243436409557467,0.5218218064442007,-0.6857320791617763,-0.24257525304446614,0.4456801145868994,255,-1,0.6734359264373779,-2.203373734151022,-1.8733399550067347,0.3639429807662964,1.1200745105743408,-2.4464433828936976
16100,1701121449,384531021,-0.7899809268370594,-0.36914171166742304,0.21824282738535966,0.5203979313145735,-0.6953161032198174,-0.23760524118030882,0.43504627230947274,255,-1,0.6734239459037781,-2.203397576008932,-1.8440831343280237,0.3023785352706909,1.119654655456543,-2.4207752386676233
16200,1701121449,480388402,-0.8014190868008053,-0.3781886226101775,0.22369922348305357,0.518297216514863,-0.7064826407052132,-0.2322142563229446,0.42228759500548396,255,-1,0.6734119653701782,-2.203301731740133,-1.8151019255267542,0.23598134517669678,1.1190427541732788,-2.3911872545825403
16300,1701121449,584487199,-0.8124697070801394,-0.3869675204636009,0.2283993098269087,0.5160941772937446,-0.7188193215337957,-0.22631560062576053,0.4070956055603986,255,-1,0.6734479069709778,-2.203313652669088,-1.7870200316058558,0.1651092767715454,1.1190547943115234,-2.358626906071798
16400,1701121449,680358648,-0.8208793655993296,-0.39379899250162187,0.23277055146968958,0.5119131525739551,-0.7293957540304725,-0.2209800279513309,0.3963515932486483,255,-1,0.6734718680381775,-2.2032178084002894,-1.7644718329059046,0.11142778396606445,1.1191270351409912,-2.3281763235675257
16500,1701121449,784503459,-0.8283458638547966,-0.3997569597874396,0.23726226031540634,0.5062675833623488,-0.7393731737524778,-0.21582676684852747,0.38786499027799204,255,-1,0.6734598875045776,-2.2031338850604456,-1.7441147009478968,0.06475639343261719,1.1191030740737915,-2.2981703917132776
16600,1701121449,880443096,-0.8334804490976081,-0.4038302692473624,0.23931980416222282,0.5020485524803204,-0.7480186654559929,-0.21181317728172044,0.37888059466231927,255,-1,0.6734598875045776,-2.2031338850604456,-1.7301409880267542,0.024197697639465332,1.1191149950027466,-2.272492233906881
16700,1701121449,984551429,-0.8379579018403879,-0.4074473745550958,0.23993349848412884,0.49698228637691944,-0.7581468529266866,-0.20740313169833008,0.3677035455182011,255,-1,0.6735078692436218,-2.2030018011676233,-1.7180588881122034,-0.020046536122457326,1.1190787553787231,-2.2419961134540003
16800,1701121450,80446958,-0.8414843340658965,-0.4103237764059523,0.24013364976781515,0.49130216726237524,-0.7675785279265364,-0.20331587141124294,0.3579218355195887,255,-1,0.6735557913780212,-2.2027977148639124,-1.7080243269549769,-0.05817777315248662,1.1191630363464355,-2.2127350012408655
16900,1701121450,184593439,-0.8457550057316322,-0.4138895502527335,0.24204838671316406,0.4839552767441477,-0.7771451573959256,-0.1989756372971843,0.34963036225381927,255,-1,0.6736875772476196,-2.2027137915240687,-1.6946499983416956,-0.09662086168398076,1.1191869974136353,-2.1811731497394007
17000,1701121450,280464649,-0.8507528932900588,-0.4180521323670963,0.24562075067749212,0.477357407456296,-0.7853923873964522,-0.19541138704753416,0.34220329217946416,255,-1,0.6738433837890625,-2.2026541868792933,-1.678520981465475,-0.13548452058901006,1.119210958480835,-2.153782669697897
17100,1701121450,384819507,-0.8567617205738787,-0.42296514661871615,0.24964168197348863,0.47215295596644286,-0.7940715743891865,-0.19265744454534406,0.33076431183017074,255,-1,0.6739624738693237,-2.2025464216815394,-1.658776585255758,-0.18670970598329717,1.11922287940979,-2.1265252272235315
17200,1701121450,480721950,-0.8621965699344704,-0.42783488248599694,0.25342469489904784,0.46815540793997684,-0.8020622937051791,-0.19057062223292318,0.31813429393056203,255,-1,0.674453854560852,-2.2021988073932093,-1.6396907011615198,-0.23912078539003545,1.1194626092910767,-2.1014135519610804
17300,1701121450,584306240,-0.8677589384663797,-0.43418655991791566,0.25836091639698394,0.4636976791457311,-0.8104390078608057,-0.18843088959913762,0.30441234655863275,255,-1,0.6760814785957336,-2.201838795338766,-1.6175287405597132,-0.29747134843935186,1.1196306943893433,-2.073413674031393
17400,1701121450,680735826,-0.8717745434179206,-0.44108099530023087,0.26254570104777675,0.4602150738599096,-0.8175385057843961,-0.1866978072905009,0.29150781482638494,255,-1,0.6791816353797913,-2.20173150697817,-1.5979169050799769,-0.3513124624835413,1.119702696800232,-2.0481584707843226
17500,1701121450,784311294,-0.8744933847761709,-0.4472166274339294,0.26420964468633185,0.457008810307849,-0.8253461483079303,-0.18561279415844334,0.2747627584280005,255,-1,0.6822102665901184,-2.201707188283102,-1.5815866629229944,-0.41023189226259404,1.1200265884399414,-2.0201714674579065
17600,1701121450,880689382,-0.8769234641722621,-0.4502665439565254,0.2645559412536749,0.45167183098353636,-0.8334799890261292,-0.1843632845958487,0.25944911694205747,255,-1,0.6827963590621948,-2.2016475836383265,-1.5689790884601038,-0.46118337312807256,1.1213935613632202,-1.9913585821734827
17700,1701121450,984338283,-0.8798300731818802,-0.452832663677432,0.26633824192140354,0.44324642439897033,-0.8422760680222284,-0.1822859511503442,0.24672953716115256,255,-1,0.682784378528595,-2.201491657887594,-1.5551989714251917,-0.508056942616598,1.123504638671875,-1.9583271185504358
17800,1701121451,80179929,-0.8824660033737376,-0.45513891302602866,0.2688511799968852,0.4343214317641855,-0.8497858291835377,-0.18017673549558597,0.23825465874838386,255,-1,0.6828083395957947,-2.2014554182635706,-1.5426281134234827,-0.5438717047320765,1.1250396966934204,-1.9285920302020472
17900,1701121451,184351682,-0.8852220034202445,-0.4576746810013735,0.27242774080864307,0.42419796726802855,-0.8571800034855549,-0.17723130285391855,0.23213701014461136,255,-1,0.682784378528595,-2.201383415852682,-1.5295189062701624,-0.5754144827472132,1.1279298067092896,-1.89785081544985
18000,1701121451,280197620,-0.8873860680695547,-0.46006610639921597,0.2753378986437571,0.4161883015062619,-0.8635057831474581,-0.17339532676920386,0.2260069043521215,255,-1,0.6828203201293945,-2.201395336781637,-1.5178936163531702,-0.6044090429889124,1.1337945461273193,-1.8720362822162073
18100,1701121451,384321212,-0.8895624960627473,-0.46282762851567416,0.27808656517064484,0.41006332760963854,-0.8698736026324059,-0.16880351181675263,0.21604017494753366,255,-1,0.6828083395957947,-2.201395336781637,-1.5044134298907679,-0.6430419127093714,1.1440130472183228,-1.8474801222430628
18200,1701121451,480249881,-0.8910518261919659,-0.4660862928764456,0.279933643246482,0.4059941591411024,-0.876582853292356,-0.1607039123363665,0.20234993604379173,255,-1,0.6827484369277954,-2.201383415852682,-1.4906700293170374,-0.6873162428485315,1.1644494533538818,-1.8237035910235804
18300,1701121451,584305524,-0.8919702038948651,-0.4702643284427246,0.28127498591040445,0.40193309809693767,-0.8851204647356167,-0.14703231350365664,0.18273764348421975,255,-1,0.6824855208396912,-2.2014554182635706,-1.4743765036212366,-0.744333569203512,1.198415756225586,-1.7949422041522425
18400,1701121451,680152893,-0.8915773072132344,-0.473648489123004,0.28075134570212945,0.3973483430986969,-0.8938691263033912,-0.13248606093090887,0.1598740846333259,255,-1,0.6821383833885193,-2.2014315764056605,-1.4610403219806116,-0.8026965300189417,1.2358253002166748,-1.7656777540790003
18500,1701121451,784317255,-0.8905558580880178,-0.4764739938378676,0.27977316751299536,0.3894922923682587,-0.9037063659804632,-0.11601959484128478,0.13472197996232144,255,-1,0.6813002228736877,-2.2014315764056605,-1.4480512777911585,-0.8626945654498499,1.2780221700668335,-1.7309497038470667
18600,1701121451,880194664,-0.8900728074243951,-0.4783282072356273,0.2801063920389162,0.37892681225364205,-0.9122229713637424,-0.10394615685186907,0.11601257667737812,255,-1,0.6802470684051514,-2.201503578816549,-1.4367144743548792,-0.9082172552691858,1.3078410625457764,-1.6977084318744105
18700,1701121451,984337806,-0.8900500848244205,-0.47952728066055084,0.2812463877793624,0.366480294631188,-0.9194507393886594,-0.09784351505767283,0.10358174571730384,255,-1,0.6797800660133362,-2.2015517393695276,-1.42755633989443,-0.9411552588092249,1.3230749368667603,-1.6650789419757288
18800,1701121452,80196380,-0.8912376144151611,-0.48018693321862865,0.2838915692454144,0.35473073140515743,-0.9244615851865663,-0.09757166631582159,0.10008324356982638,255,-1,0.6794213056564331,-2.2015636602984827,-1.4198349157916468,-0.9578517119037073,1.323398470878601,-1.6386931578265589
18900,1701121452,184372425,-0.8935475191094482,-0.48059903566216416,0.2881944403185991,0.34306979807933324,-0.9288186748829039,-0.09624828923566905,0.1016624299029835,255,-1,0.6782004237174988,-2.2016595045672815,-1.411539379750387,-0.9643796125995081,1.32344651222229,-1.6153753439532679
19000,1701121452,280280351,-0.8957253368834877,-0.47988264795113905,0.2911638624417601,0.33497781043384883,-0.9316195976885713,-0.09491719847818067,0.10423779138384749,255,-1,0.6762129068374634,-2.201707188283102,-1.4067867437945765,-0.9648712317096155,1.32344651222229,-1.6011760870562952
19100,1701121452,384427785,-0.8985400965947836,-0.47758461116855233,0.2937839026285504,0.3307019737506749,-0.9330187937041958,-0.09426352166460507,0.10595529073888608,255,-1,0.6724783182144165,-2.2018149534808558,-1.402369801198141,-0.9657214323626917,1.32344651222229,-1.5968506971942347
19200,1701121452,480249881,-0.9020774279348619,-0.4737723833836238,0.29647668150356626,0.3278700889064666,-0.9338763768610086,-0.0938863550331586,0.10752427577067925,255,-1,0.6672359704971313,-2.201826874409811,-1.3980239073382776,-0.9660928885089319,1.3234584331512451,-1.5965755621539515
19300,1701121452,584402799,-0.9049947643828781,-0.4703305564743434,0.2984333440511397,0.32549524251572726,-0.9346084505308834,-0.0936885282906719,0.10854653823414731,255,-1,0.6629388928413391,-2.201850716267721,-1.394923512135641,-0.966799561177389,1.3234704732894897,-1.5963595549212855
19400,1701121452,680255889,-0.9072317290968593,-0.4676526271650926,0.2999638397241498,0.3238712174119233,-0.9351864020036593,-0.09387984394632704,0.10826080980752945,255,-1,0.6594196557998657,-2.201874558125631,-1.3918946425067347,-0.9703448454486292,1.3235666751861572,-1.5963838736163538
19500,1701121452,784414529,-0.9094471533536497,-0.463893637365185,0.3006147254451118,0.32220293845211667,-0.9359463510418414,-0.09482154134458615,0.10582329479524123,255,-1,0.6550865769386292,-2.2019227186786097,-1.3894651571856897,-0.9778674284564417,1.3236864805221558,-1.5963838736163538
19600,1701121452,880305290,-0.9103245448074913,-0.46208861956631314,0.30071295985882596,0.32167410350630965,-0.9363309565874263,-0.09576461450052241,0.10314673760741806,255,-1,0.653339147567749,-2.201826874409811,-1.3881481329547327,-0.9846232573138636,1.323662519454956,-1.5963957945453089
19700,1701121452,983868837,-0.9100930384696198,-0.4618058496970529,0.3000806552321219,0.3219886141828228,-0.9363991010371955,-0.09655855225323597,0.1007794716205462,255,-1,0.653339147567749,-2.201874558125631,-1.3880046049701136,-0.9894030729876917,1.3236745595932007,-1.5963957945453089
19800,1701121453,80385446,-0.9100665658999945,-0.46179802581399043,0.3000895068141126,0.32201895545665576,-0.9364084772145898,-0.09666505572750045,0.1004929008858674,255,-1,0.653339147567749,-2.201850716267721,-1.3880165258990687,-0.9899657408343714,1.3236385583877563,-1.5963838736163538
19900,1701121453,184505939,-0.9100761099533988,-0.4617599174656593,0.300087602478444,0.3220079649751043,-0.9364122729465835,-0.0966675593189784,0.10049034054533293,255,-1,0.6533870697021484,-2.201838795338766,-1.387956444417135,-0.9899538199054163,1.3236985206604004,-1.5963838736163538
