Time,ROS secs,ROS nsecs,________p_x________,________p_y________,________p_z________,________q_x________,________q_y________,________q_z________,________q_w________,gripper_position,gripper_force,shoulder_pan_joint,shoulder_lift_joint,elbow_joint,wrist_1_joint,wrist_2_joint,wrist_3_joint
0.000000000000000000e+00,0.000000000000000000e+00,0.000000000000000000e+00,0.000000000000000000e+00,0.000000000000000000e+00,0.000000000000000000e+00,0.000000000000000000e+00,0.000000000000000000e+00,0.000000000000000000e+00,0.000000000000000000e+00,0.000000000000000000e+00,0.000000000000000000e+00,-5.257611479706334467e-01,-2.537685013121900646e+00,-8.724304454244118379e-01,-1.306672892434388000e+00,1.564358830851733773e+00,-2.870491832165944945e+00
0.000000000000000000e+00,0.000000000000000000e+00,0.000000000000000000e+00,0.000000000000000000e+00,0.000000000000000000e+00,0.000000000000000000e+00,0.000000000000000000e+00,0.000000000000000000e+00,0.000000000000000000e+00,0.000000000000000000e+00,0.000000000000000000e+00,0.000000000000000000e+00,-5.258880984122152880e-01,-2.537987972467759867e+00,-8.716031332469903470e-01,-1.306961091195103286e+00,1.564288976342184334e+00,-2.870947866123773284e+00
0.000000000000000000e+00,0.000000000000000000e+00,0.000000000000000000e+00,0.000000000000000000e+00,0.000000000000000000e+00,0.000000000000000000e+00,0.000000000000000000e+00,0.000000000000000000e+00,0.000000000000000000e+00,0.000000000000000000e+00,0.000000000000000000e+00,0.000000000000000000e+00,-5.261073861617038272e-01,-2.538373818599557019e+00,-8.708171204188676073e-01,-1.307086261788592552e+00,1.564183063568545862e+00,-2.871320933517075513e+00
0.000000000000000000e+00,0.000000000000000000e+00,0.000000000000000000e+00,0.000000000000000000e+00,0.000000000000000000e+00,0.000000000000000000e+00,0.000000000000000000e+00,0.000000000000000000e+00,0.000000000000000000e+00,0.000000000000000000e+00,0.000000000000000000e+00,0.000000000000000000e+00,-5.265155230180036394e-01,-2.538929185544183120e+00,-8.701155733977280482e-01,-1.306878005683124400e+00,1.564003404103340156e+00,-2.871524316933647736e+00
0.000000000000000000e+00,0.000000000000000000e+00,0.000000000000000000e+00,0.000000000000000000e+00,0.000000000000000000e+00,0.000000000000000000e+00,0.000000000000000000e+00,0.000000000000000000e+00,0.000000000000000000e+00,0.000000000000000000e+00,0.000000000000000000e+00,0.000000000000000000e+00,-5.269082435431327038e-01,-2.539294681503966977e+00,-8.693350920505693580e-01,-1.306654581987686470e+00,1.563860223477425482e+00,-2.871710589695471771e+00
0.000000000000000000e+00,0.000000000000000000e+00,0.000000000000000000e+00,0.000000000000000000e+00,0.000000000000000000e+00,0.000000000000000000e+00,0.000000000000000000e+00,0.000000000000000000e+00,0.000000000000000000e+00,0.000000000000000000e+00,0.000000000000000000e+00,0.000000000000000000e+00,-5.270776539604566935e-01,-2.536909840199693456e+00,-8.674112236901496686e-01,-1.306211451274163160e+00,1.564245449606945559e+00,-2.871649009572307065e+00
0.000000000000000000e+00,0.000000000000000000e+00,0.000000000000000000e+00,0.000000000000000000e+00,0.000000000000000000e+00,0.000000000000000000e+00,0.000000000000000000e+00,0.000000000000000000e+00,0.000000000000000000e+00,0.000000000000000000e+00,0.000000000000000000e+00,0.000000000000000000e+00,-5.272470643777807942e-01,-2.534524998895420822e+00,-8.654873553297299793e-01,-1.305768320560640072e+00,1.564630675736465637e+00,-2.871587429449142359e+00
0.000000000000000000e+00,0.000000000000000000e+00,0.000000000000000000e+00,0.000000000000000000e+00,0.000000000000000000e+00,0.000000000000000000e+00,0.000000000000000000e+00,0.000000000000000000e+00,0.000000000000000000e+00,0.000000000000000000e+00,0.000000000000000000e+00,0.000000000000000000e+00,-5.274164747951048948e-01,-2.532140157591148188e+00,-8.635634869693102900e-01,-1.305325189847116985e+00,1.565015901865986159e+00,-2.871525849325978097e+00
0.000000000000000000e+00,0.000000000000000000e+00,0.000000000000000000e+00,0.000000000000000000e+00,0.000000000000000000e+00,0.000000000000000000e+00,0.000000000000000000e+00,0.000000000000000000e+00,0.000000000000000000e+00,0.000000000000000000e+00,0.000000000000000000e+00,0.000000000000000000e+00,-5.273866847246999612e-01,-2.527885646872706005e+00,-8.575319475604342712e-01,-1.305443805642409361e+00,1.564954987110054319e+00,-2.871735533900990678e+00
0.000000000000000000e+00,0.000000000000000000e+00,0.000000000000000000e+00,0.000000000000000000e+00,0.000000000000000000e+00,0.000000000000000000e+00,0.000000000000000000e+00,0.000000000000000000e+00,0.000000000000000000e+00,0.000000000000000000e+00,0.000000000000000000e+00,0.000000000000000000e+00,-5.272838222812229469e-01,-2.522945288531543540e+00,-8.499935982298936210e-01,-1.305768485945535407e+00,1.564730415258720253e+00,-2.872044726039726381e+00
0.000000000000000000e+00,0.000000000000000000e+00,0.000000000000000000e+00,0.000000000000000000e+00,0.000000000000000000e+00,0.000000000000000000e+00,0.000000000000000000e+00,0.000000000000000000e+00,0.000000000000000000e+00,0.000000000000000000e+00,0.000000000000000000e+00,0.000000000000000000e+00,-5.273444247076398694e-01,-2.518426768473399413e+00,-8.421572850067650107e-01,-1.305929207791930224e+00,1.564498056167618945e+00,-2.872322138267737301e+00
0.000000000000000000e+00,0.000000000000000000e+00,0.000000000000000000e+00,0.000000000000000000e+00,0.000000000000000000e+00,0.000000000000000000e+00,0.000000000000000000e+00,0.000000000000000000e+00,0.000000000000000000e+00,0.000000000000000000e+00,0.000000000000000000e+00,0.000000000000000000e+00,-5.280070985157432339e-01,-2.515428013175129429e+00,-8.332950691215460504e-01,-1.305521857882404602e+00,1.564256580314796974e+00,-2.872493462203744574e+00
0.000000000000000000e+00,0.000000000000000000e+00,0.000000000000000000e+00,0.000000000000000000e+00,0.000000000000000000e+00,0.000000000000000000e+00,0.000000000000000000e+00,0.000000000000000000e+00,0.000000000000000000e+00,0.000000000000000000e+00,0.000000000000000000e+00,0.000000000000000000e+00,-5.287053327392781110e-01,-2.512448789988106057e+00,-8.245203059025136838e-01,-1.305155063193983889e+00,1.564055046640934865e+00,-2.872681202925666977e+00
0.000000000000000000e+00,0.000000000000000000e+00,0.000000000000000000e+00,0.000000000000000000e+00,0.000000000000000000e+00,0.000000000000000000e+00,0.000000000000000000e+00,0.000000000000000000e+00,0.000000000000000000e+00,0.000000000000000000e+00,0.000000000000000000e+00,0.000000000000000000e+00,-5.289343100398845587e-01,-2.508261264176089078e+00,-8.172384719581921031e-01,-1.305066354042515364e+00,1.563965161776420754e+00,-2.872826529540334572e+00
0.000000000000000000e+00,0.000000000000000000e+00,0.000000000000000000e+00,0.000000000000000000e+00,0.000000000000000000e+00,0.000000000000000000e+00,0.000000000000000000e+00,0.000000000000000000e+00,0.000000000000000000e+00,0.000000000000000000e+00,0.000000000000000000e+00,0.000000000000000000e+00,-5.275716575484608040e-01,-2.499975406806757228e+00,-8.150203687654475893e-01,-1.305920857881030850e+00,1.564253968333428002e+00,-2.872827995609931850e+00
0.000000000000000000e+00,0.000000000000000000e+00,0.000000000000000000e+00,0.000000000000000000e+00,0.000000000000000000e+00,0.000000000000000000e+00,0.000000000000000000e+00,0.000000000000000000e+00,0.000000000000000000e+00,0.000000000000000000e+00,0.000000000000000000e+00,0.000000000000000000e+00,-5.262090050570372712e-01,-2.491689549437424489e+00,-8.128022655727030754e-01,-1.306775361719545892e+00,1.564542774890435251e+00,-2.872829461679528684e+00
0.000000000000000000e+00,0.000000000000000000e+00,0.000000000000000000e+00,0.000000000000000000e+00,0.000000000000000000e+00,0.000000000000000000e+00,0.000000000000000000e+00,0.000000000000000000e+00,0.000000000000000000e+00,0.000000000000000000e+00,0.000000000000000000e+00,0.000000000000000000e+00,-5.248463525656137385e-01,-2.483403692068093527e+00,-8.105841623799584506e-01,-1.307629865558061377e+00,1.564831581447442721e+00,-2.872830927749125518e+00
0.000000000000000000e+00,0.000000000000000000e+00,0.000000000000000000e+00,0.000000000000000000e+00,0.000000000000000000e+00,0.000000000000000000e+00,0.000000000000000000e+00,0.000000000000000000e+00,0.000000000000000000e+00,0.000000000000000000e+00,0.000000000000000000e+00,0.000000000000000000e+00,-5.234837000741898727e-01,-2.475117834698761676e+00,-8.083660591872139367e-01,-1.308484369396576641e+00,1.565120388004450191e+00,-2.872832393818722796e+00
0.000000000000000000e+00,0.000000000000000000e+00,0.000000000000000000e+00,0.000000000000000000e+00,0.000000000000000000e+00,0.000000000000000000e+00,0.000000000000000000e+00,0.000000000000000000e+00,0.000000000000000000e+00,0.000000000000000000e+00,0.000000000000000000e+00,0.000000000000000000e+00,-5.219919502620116170e-01,-2.466983955460489319e+00,-8.063241703932036986e-01,-1.309512948003978439e+00,1.565433285497112914e+00,-2.872730609881086306e+00
0.000000000000000000e+00,0.000000000000000000e+00,0.000000000000000000e+00,0.000000000000000000e+00,0.000000000000000000e+00,0.000000000000000000e+00,0.000000000000000000e+00,0.000000000000000000e+00,0.000000000000000000e+00,0.000000000000000000e+00,0.000000000000000000e+00,0.000000000000000000e+00,-5.154781966109213132e-01,-2.456353480803693756e+00,-8.062066922993631479e-01,-1.317230839161845912e+00,1.565362315052836850e+00,-2.872701409213971324e+00
0.000000000000000000e+00,0.000000000000000000e+00,0.000000000000000000e+00,0.000000000000000000e+00,0.000000000000000000e+00,0.000000000000000000e+00,0.000000000000000000e+00,0.000000000000000000e+00,0.000000000000000000e+00,0.000000000000000000e+00,0.000000000000000000e+00,0.000000000000000000e+00,-5.088080543151787261e-01,-2.445487350283197081e+00,-8.061326904862321507e-01,-1.325832657652516566e+00,1.565275204406133991e+00,-2.872700496726764197e+00
0.000000000000000000e+00,0.000000000000000000e+00,0.000000000000000000e+00,0.000000000000000000e+00,0.000000000000000000e+00,0.000000000000000000e+00,0.000000000000000000e+00,0.000000000000000000e+00,0.000000000000000000e+00,0.000000000000000000e+00,0.000000000000000000e+00,0.000000000000000000e+00,-5.020754360372037262e-01,-2.434046751825800214e+00,-8.060248104417536696e-01,-1.335269752876784288e+00,1.565370622216474272e+00,-2.872888829954068690e+00
0.000000000000000000e+00,0.000000000000000000e+00,0.000000000000000000e+00,0.000000000000000000e+00,0.000000000000000000e+00,0.000000000000000000e+00,0.000000000000000000e+00,0.000000000000000000e+00,0.000000000000000000e+00,0.000000000000000000e+00,0.000000000000000000e+00,0.000000000000000000e+00,-4.953306143382416038e-01,-2.422554768630413413e+00,-8.059123234276465153e-01,-1.344749541500332324e+00,1.565479923046273925e+00,-2.873099690213692714e+00
0.000000000000000000e+00,0.000000000000000000e+00,0.000000000000000000e+00,0.000000000000000000e+00,0.000000000000000000e+00,0.000000000000000000e+00,0.000000000000000000e+00,0.000000000000000000e+00,0.000000000000000000e+00,0.000000000000000000e+00,0.000000000000000000e+00,0.000000000000000000e+00,-4.885844941867014679e-01,-2.411062007553298692e+00,-8.057995803638041687e-01,-1.354229760699287688e+00,1.565588758260316737e+00,-2.873312085640266744e+00
0.000000000000000000e+00,0.000000000000000000e+00,0.000000000000000000e+00,0.000000000000000000e+00,0.000000000000000000e+00,0.000000000000000000e+00,0.000000000000000000e+00,0.000000000000000000e+00,0.000000000000000000e+00,0.000000000000000000e+00,0.000000000000000000e+00,0.000000000000000000e+00,-4.818383740351614430e-01,-2.399569246476183082e+00,-8.056868372999613781e-01,-1.363709979898242386e+00,1.565697593474359106e+00,-2.873524481066841219e+00
0.000000000000000000e+00,0.000000000000000000e+00,0.000000000000000000e+00,0.000000000000000000e+00,0.000000000000000000e+00,0.000000000000000000e+00,0.000000000000000000e+00,0.000000000000000000e+00,0.000000000000000000e+00,0.000000000000000000e+00,0.000000000000000000e+00,0.000000000000000000e+00,-4.750290694837652206e-01,-2.388883293917626993e+00,-8.056425709025817339e-01,-1.372513486012877149e+00,1.565780509458109426e+00,-2.873750093152801721e+00
0.000000000000000000e+00,0.000000000000000000e+00,0.000000000000000000e+00,0.000000000000000000e+00,0.000000000000000000e+00,0.000000000000000000e+00,0.000000000000000000e+00,0.000000000000000000e+00,0.000000000000000000e+00,0.000000000000000000e+00,0.000000000000000000e+00,0.000000000000000000e+00,-4.678097248104794992e-01,-2.383433188562576355e+00,-8.060426892065998272e-01,-1.376925409455030946e+00,1.565695220562605794e+00,-2.874061475787156983e+00
0.000000000000000000e+00,0.000000000000000000e+00,0.000000000000000000e+00,0.000000000000000000e+00,0.000000000000000000e+00,0.000000000000000000e+00,0.000000000000000000e+00,0.000000000000000000e+00,0.000000000000000000e+00,0.000000000000000000e+00,0.000000000000000000e+00,0.000000000000000000e+00,-4.605903801371937223e-01,-2.377983083207524828e+00,-8.064428075106176985e-01,-1.381337332897184744e+00,1.565609931667101717e+00,-2.874372858421512245e+00
0.000000000000000000e+00,0.000000000000000000e+00,0.000000000000000000e+00,0.000000000000000000e+00,0.000000000000000000e+00,0.000000000000000000e+00,0.000000000000000000e+00,0.000000000000000000e+00,0.000000000000000000e+00,0.000000000000000000e+00,0.000000000000000000e+00,0.000000000000000000e+00,-4.533710354639080564e-01,-2.372532977852473302e+00,-8.068429258146357919e-01,-1.385749256339338764e+00,1.565524642771597863e+00,-2.874684241055867506e+00
0.000000000000000000e+00,0.000000000000000000e+00,0.000000000000000000e+00,0.000000000000000000e+00,0.000000000000000000e+00,0.000000000000000000e+00,0.000000000000000000e+00,0.000000000000000000e+00,0.000000000000000000e+00,0.000000000000000000e+00,0.000000000000000000e+00,0.000000000000000000e+00,-4.478537641361953758e-01,-2.367419499517724013e+00,-8.072427876293369886e-01,-1.387901263338520153e+00,1.565510501085486617e+00,-2.874505542521973211e+00
0.000000000000000000e+00,0.000000000000000000e+00,0.000000000000000000e+00,0.000000000000000000e+00,0.000000000000000000e+00,0.000000000000000000e+00,0.000000000000000000e+00,0.000000000000000000e+00,0.000000000000000000e+00,0.000000000000000000e+00,0.000000000000000000e+00,0.000000000000000000e+00,-4.426032768904655246e-01,-2.362358784320836236e+00,-8.076426092417360314e-01,-1.389699049566214040e+00,1.565507511059198054e+00,-2.874250028347372865e+00
0.000000000000000000e+00,0.000000000000000000e+00,0.000000000000000000e+00,0.000000000000000000e+00,0.000000000000000000e+00,0.000000000000000000e+00,0.000000000000000000e+00,0.000000000000000000e+00,0.000000000000000000e+00,0.000000000000000000e+00,0.000000000000000000e+00,0.000000000000000000e+00,-4.373527896447356178e-01,-2.357298069123948459e+00,-8.080424308541351852e-01,-1.391496835793908593e+00,1.565504521032909491e+00,-2.873994514172772519e+00
0.000000000000000000e+00,0.000000000000000000e+00,0.000000000000000000e+00,0.000000000000000000e+00,0.000000000000000000e+00,0.000000000000000000e+00,0.000000000000000000e+00,0.000000000000000000e+00,0.000000000000000000e+00,0.000000000000000000e+00,0.000000000000000000e+00,0.000000000000000000e+00,-4.316655323106426412e-01,-2.352129739102671202e+00,-8.083361864971237987e-01,-1.393175169852447937e+00,1.565506086278843245e+00,-2.873773452822344421e+00
0.000000000000000000e+00,0.000000000000000000e+00,0.000000000000000000e+00,0.000000000000000000e+00,0.000000000000000000e+00,0.000000000000000000e+00,0.000000000000000000e+00,0.000000000000000000e+00,0.000000000000000000e+00,0.000000000000000000e+00,0.000000000000000000e+00,0.000000000000000000e+00,-4.230587043785228873e-01,-2.346242062483332447e+00,-8.079209487955760771e-01,-1.394055031098339281e+00,1.565538101043184138e+00,-2.873782689871809293e+00
0.000000000000000000e+00,0.000000000000000000e+00,0.000000000000000000e+00,0.000000000000000000e+00,0.000000000000000000e+00,0.000000000000000000e+00,0.000000000000000000e+00,0.000000000000000000e+00,0.000000000000000000e+00,0.000000000000000000e+00,0.000000000000000000e+00,0.000000000000000000e+00,-4.144518764464030780e-01,-2.340354385863992803e+00,-8.075057110940283556e-01,-1.394934892344230848e+00,1.565570115807525697e+00,-2.873791926921275053e+00
0.000000000000000000e+00,0.000000000000000000e+00,0.000000000000000000e+00,0.000000000000000000e+00,0.000000000000000000e+00,0.000000000000000000e+00,0.000000000000000000e+00,0.000000000000000000e+00,0.000000000000000000e+00,0.000000000000000000e+00,0.000000000000000000e+00,0.000000000000000000e+00,-4.058450485142833242e-01,-2.334466709244654048e+00,-8.070904733924806340e-01,-1.395814753590121970e+00,1.565602130571866812e+00,-2.873801163970740813e+00
0.000000000000000000e+00,0.000000000000000000e+00,0.000000000000000000e+00,0.000000000000000000e+00,0.000000000000000000e+00,0.000000000000000000e+00,0.000000000000000000e+00,0.000000000000000000e+00,0.000000000000000000e+00,0.000000000000000000e+00,0.000000000000000000e+00,0.000000000000000000e+00,-3.972382205821636258e-01,-2.328579032625315293e+00,-8.066752356909329125e-01,-1.396694614836013315e+00,1.565634145336207705e+00,-2.873810401020206129e+00
0.000000000000000000e+00,0.000000000000000000e+00,0.000000000000000000e+00,0.000000000000000000e+00,0.000000000000000000e+00,0.000000000000000000e+00,0.000000000000000000e+00,0.000000000000000000e+00,0.000000000000000000e+00,0.000000000000000000e+00,0.000000000000000000e+00,0.000000000000000000e+00,-3.885915565442409902e-01,-2.322641346732246426e+00,-8.062570420155307227e-01,-1.397587493850597218e+00,1.565678815908915222e+00,-2.873827990542315636e+00
0.000000000000000000e+00,0.000000000000000000e+00,0.000000000000000000e+00,0.000000000000000000e+00,0.000000000000000000e+00,0.000000000000000000e+00,0.000000000000000000e+00,0.000000000000000000e+00,0.000000000000000000e+00,0.000000000000000000e+00,0.000000000000000000e+00,0.000000000000000000e+00,-3.774426194540636548e-01,-2.314596758620723449e+00,-8.058601301903559611e-01,-1.399097812231188342e+00,1.566273691890524677e+00,-2.874207392350641044e+00
0.000000000000000000e+00,0.000000000000000000e+00,0.000000000000000000e+00,0.000000000000000000e+00,0.000000000000000000e+00,0.000000000000000000e+00,0.000000000000000000e+00,0.000000000000000000e+00,0.000000000000000000e+00,0.000000000000000000e+00,0.000000000000000000e+00,0.000000000000000000e+00,-3.623870523811791866e-01,-2.309972200059239533e+00,-8.064355083099965515e-01,-1.399799182247837948e+00,1.566685487005655464e+00,-2.874519855589579898e+00
0.000000000000000000e+00,0.000000000000000000e+00,0.000000000000000000e+00,0.000000000000000000e+00,0.000000000000000000e+00,0.000000000000000000e+00,0.000000000000000000e+00,0.000000000000000000e+00,0.000000000000000000e+00,0.000000000000000000e+00,0.000000000000000000e+00,0.000000000000000000e+00,-3.471315108680421702e-01,-2.305680375057529652e+00,-8.070229162682929225e-01,-1.400600469291277239e+00,1.567143165916212277e+00,-2.874862179162690268e+00
0.000000000000000000e+00,0.000000000000000000e+00,0.000000000000000000e+00,0.000000000000000000e+00,0.000000000000000000e+00,0.000000000000000000e+00,0.000000000000000000e+00,0.000000000000000000e+00,0.000000000000000000e+00,0.000000000000000000e+00,0.000000000000000000e+00,0.000000000000000000e+00,-3.312168576244918228e-01,-2.301774651240562797e+00,-8.074691044710123888e-01,-1.402789130307675602e+00,1.567780551051987104e+00,-2.875311462261549433e+00
0.000000000000000000e+00,0.000000000000000000e+00,0.000000000000000000e+00,0.000000000000000000e+00,0.000000000000000000e+00,0.000000000000000000e+00,0.000000000000000000e+00,0.000000000000000000e+00,0.000000000000000000e+00,0.000000000000000000e+00,0.000000000000000000e+00,0.000000000000000000e+00,-3.154353574984144482e-01,-2.298679420685002306e+00,-8.078312996482325259e-01,-1.405322090768401200e+00,1.568238065000543857e+00,-2.875656784160553592e+00
0.000000000000000000e+00,0.000000000000000000e+00,0.000000000000000000e+00,0.000000000000000000e+00,0.000000000000000000e+00,0.000000000000000000e+00,0.000000000000000000e+00,0.000000000000000000e+00,0.000000000000000000e+00,0.000000000000000000e+00,0.000000000000000000e+00,0.000000000000000000e+00,-3.001171033220322859e-01,-2.298403934253549608e+00,-8.079012791447118813e-01,-1.409052885167180413e+00,1.568069798640483459e+00,-2.875640420162356659e+00
0.000000000000000000e+00,0.000000000000000000e+00,0.000000000000000000e+00,0.000000000000000000e+00,0.000000000000000000e+00,0.000000000000000000e+00,0.000000000000000000e+00,0.000000000000000000e+00,0.000000000000000000e+00,0.000000000000000000e+00,0.000000000000000000e+00,0.000000000000000000e+00,-2.847988491456501792e-01,-2.298128447822097797e+00,-8.079712586411909037e-01,-1.412783679565958961e+00,1.567901532280422838e+00,-2.875624056164159725e+00
0.000000000000000000e+00,0.000000000000000000e+00,0.000000000000000000e+00,0.000000000000000000e+00,0.000000000000000000e+00,0.000000000000000000e+00,0.000000000000000000e+00,0.000000000000000000e+00,0.000000000000000000e+00,0.000000000000000000e+00,0.000000000000000000e+00,0.000000000000000000e+00,-2.694805949692680169e-01,-2.297852961390645099e+00,-8.080412381376702591e-01,-1.416514473964738174e+00,1.567733265920362662e+00,-2.875607692165963236e+00
0.000000000000000000e+00,0.000000000000000000e+00,0.000000000000000000e+00,0.000000000000000000e+00,0.000000000000000000e+00,0.000000000000000000e+00,0.000000000000000000e+00,0.000000000000000000e+00,0.000000000000000000e+00,0.000000000000000000e+00,0.000000000000000000e+00,0.000000000000000000e+00,-2.541623407928858547e-01,-2.297577474959193289e+00,-8.081112176341493925e-01,-1.420245268363516722e+00,1.567564999560302041e+00,-2.875591328167766303e+00
0.000000000000000000e+00,0.000000000000000000e+00,0.000000000000000000e+00,0.000000000000000000e+00,0.000000000000000000e+00,0.000000000000000000e+00,0.000000000000000000e+00,0.000000000000000000e+00,0.000000000000000000e+00,0.000000000000000000e+00,0.000000000000000000e+00,0.000000000000000000e+00,-2.388440866165036369e-01,-2.297301988527740590e+00,-8.081811971306285258e-01,-1.423976062762295713e+00,1.567396733200241421e+00,-2.875574964169568926e+00
0.000000000000000000e+00,0.000000000000000000e+00,0.000000000000000000e+00,0.000000000000000000e+00,0.000000000000000000e+00,0.000000000000000000e+00,0.000000000000000000e+00,0.000000000000000000e+00,0.000000000000000000e+00,0.000000000000000000e+00,0.000000000000000000e+00,0.000000000000000000e+00,-2.235258324401214469e-01,-2.297026502096288780e+00,-8.082511766271077702e-01,-1.427706857161074705e+00,1.567228466840180801e+00,-2.875558600171372436e+00
0.000000000000000000e+00,0.000000000000000000e+00,0.000000000000000000e+00,0.000000000000000000e+00,0.000000000000000000e+00,0.000000000000000000e+00,0.000000000000000000e+00,0.000000000000000000e+00,0.000000000000000000e+00,0.000000000000000000e+00,0.000000000000000000e+00,0.000000000000000000e+00,-2.083514476340400101e-01,-2.296762258162125647e+00,-8.083266464126774853e-01,-1.431463289098290126e+00,1.567075628142498456e+00,-2.875558601591710950e+00
0.000000000000000000e+00,0.000000000000000000e+00,0.000000000000000000e+00,0.000000000000000000e+00,0.000000000000000000e+00,0.000000000000000000e+00,0.000000000000000000e+00,0.000000000000000000e+00,0.000000000000000000e+00,0.000000000000000000e+00,0.000000000000000000e+00,0.000000000000000000e+00,-1.941730919403478473e-01,-2.296575847713806517e+00,-8.084401262886372619e-01,-1.435397213538594841e+00,1.567029597452888723e+00,-2.875671903245891503e+00
0.000000000000000000e+00,0.000000000000000000e+00,0.000000000000000000e+00,0.000000000000000000e+00,0.000000000000000000e+00,0.000000000000000000e+00,0.000000000000000000e+00,0.000000000000000000e+00,0.000000000000000000e+00,0.000000000000000000e+00,0.000000000000000000e+00,0.000000000000000000e+00,-1.799947362466556844e-01,-2.296389437265487388e+00,-8.085536061645973716e-01,-1.439331137978899555e+00,1.566983566763278768e+00,-2.875785204900071612e+00
0.000000000000000000e+00,0.000000000000000000e+00,0.000000000000000000e+00,0.000000000000000000e+00,0.000000000000000000e+00,0.000000000000000000e+00,0.000000000000000000e+00,0.000000000000000000e+00,0.000000000000000000e+00,0.000000000000000000e+00,0.000000000000000000e+00,0.000000000000000000e+00,-1.658163805529634938e-01,-2.296203026817168258e+00,-8.086670860405572592e-01,-1.443265062419204048e+00,1.566937536073669035e+00,-2.875898506554252165e+00
0.000000000000000000e+00,0.000000000000000000e+00,0.000000000000000000e+00,0.000000000000000000e+00,0.000000000000000000e+00,0.000000000000000000e+00,0.000000000000000000e+00,0.000000000000000000e+00,0.000000000000000000e+00,0.000000000000000000e+00,0.000000000000000000e+00,0.000000000000000000e+00,-1.516380248592713864e-01,-2.296016616368848240e+00,-8.087805659165171468e-01,-1.447198986859508762e+00,1.566891505384059080e+00,-2.876011808208432718e+00
0.000000000000000000e+00,0.000000000000000000e+00,0.000000000000000000e+00,0.000000000000000000e+00,0.000000000000000000e+00,0.000000000000000000e+00,0.000000000000000000e+00,0.000000000000000000e+00,0.000000000000000000e+00,0.000000000000000000e+00,0.000000000000000000e+00,0.000000000000000000e+00,-1.374596691655791958e-01,-2.295830205920529110e+00,-8.088940457924770344e-01,-1.451132911299813477e+00,1.566845474694449347e+00,-2.876125109862613272e+00
0.000000000000000000e+00,0.000000000000000000e+00,0.000000000000000000e+00,0.000000000000000000e+00,0.000000000000000000e+00,0.000000000000000000e+00,0.000000000000000000e+00,0.000000000000000000e+00,0.000000000000000000e+00,0.000000000000000000e+00,0.000000000000000000e+00,0.000000000000000000e+00,-1.207899724646531309e-01,-2.295300648190814918e+00,-8.088647385145836255e-01,-1.460193084119537410e+00,1.566697615222213624e+00,-2.876188344638522576e+00
0.000000000000000000e+00,0.000000000000000000e+00,0.000000000000000000e+00,0.000000000000000000e+00,0.000000000000000000e+00,0.000000000000000000e+00,0.000000000000000000e+00,0.000000000000000000e+00,0.000000000000000000e+00,0.000000000000000000e+00,0.000000000000000000e+00,0.000000000000000000e+00,-1.004785151333098397e-01,-2.294538099892617034e+00,-8.086909044423059578e-01,-1.476540524026806800e+00,1.566509259814649946e+00,-2.876180244557025478e+00
0.000000000000000000e+00,0.000000000000000000e+00,0.000000000000000000e+00,0.000000000000000000e+00,0.000000000000000000e+00,0.000000000000000000e+00,0.000000000000000000e+00,0.000000000000000000e+00,0.000000000000000000e+00,0.000000000000000000e+00,0.000000000000000000e+00,0.000000000000000000e+00,-7.848258499322172121e-02,-2.293932130632735600e+00,-8.084315399284384140e-01,-1.496183575791390608e+00,1.566411483754488021e+00,-2.876065775648013023e+00
0.000000000000000000e+00,0.000000000000000000e+00,0.000000000000000000e+00,0.000000000000000000e+00,0.000000000000000000e+00,0.000000000000000000e+00,0.000000000000000000e+00,0.000000000000000000e+00,0.000000000000000000e+00,0.000000000000000000e+00,0.000000000000000000e+00,0.000000000000000000e+00,-5.946687779240765470e-02,-2.293443597126282540e+00,-8.081943110362329596e-01,-1.516577692071176875e+00,1.566253449172384959e+00,-2.875861809225311205e+00
0.000000000000000000e+00,0.000000000000000000e+00,0.000000000000000000e+00,0.000000000000000000e+00,0.000000000000000000e+00,0.000000000000000000e+00,0.000000000000000000e+00,0.000000000000000000e+00,0.000000000000000000e+00,0.000000000000000000e+00,0.000000000000000000e+00,0.000000000000000000e+00,-4.475760370857284620e-02,-2.293124758715794798e+00,-8.079890681988074475e-01,-1.538057099339980027e+00,1.566008340804275534e+00,-2.875528518565900526e+00
0.000000000000000000e+00,0.000000000000000000e+00,0.000000000000000000e+00,0.000000000000000000e+00,0.000000000000000000e+00,0.000000000000000000e+00,0.000000000000000000e+00,0.000000000000000000e+00,0.000000000000000000e+00,0.000000000000000000e+00,0.000000000000000000e+00,0.000000000000000000e+00,-3.004832962473792668e-02,-2.292805920305307055e+00,-8.077838253613818242e-01,-1.559536506608783180e+00,1.565763232436165886e+00,-2.875195227906489404e+00
0.000000000000000000e+00,0.000000000000000000e+00,0.000000000000000000e+00,0.000000000000000000e+00,0.000000000000000000e+00,0.000000000000000000e+00,0.000000000000000000e+00,0.000000000000000000e+00,0.000000000000000000e+00,0.000000000000000000e+00,0.000000000000000000e+00,0.000000000000000000e+00,-1.533905554090309042e-02,-2.292487081894819312e+00,-8.075785825239564231e-01,-1.581015913877586332e+00,1.565518124068056682e+00,-2.874861937247079613e+00
0.000000000000000000e+00,0.000000000000000000e+00,0.000000000000000000e+00,0.000000000000000000e+00,0.000000000000000000e+00,0.000000000000000000e+00,0.000000000000000000e+00,0.000000000000000000e+00,0.000000000000000000e+00,0.000000000000000000e+00,0.000000000000000000e+00,0.000000000000000000e+00,-1.219380237214920393e-03,-2.292268082660372741e+00,-8.073929188093562637e-01,-1.600817740117412846e+00,1.565413387417115221e+00,-2.874669609763218947e+00
0.000000000000000000e+00,0.000000000000000000e+00,0.000000000000000000e+00,0.000000000000000000e+00,0.000000000000000000e+00,0.000000000000000000e+00,0.000000000000000000e+00,0.000000000000000000e+00,0.000000000000000000e+00,0.000000000000000000e+00,0.000000000000000000e+00,0.000000000000000000e+00,8.527475195092074078e-03,-2.292789550922871733e+00,-8.073524656688596535e-01,-1.608177614463210059e+00,1.566349732014780116e+00,-2.875522750139766881e+00
0.000000000000000000e+00,0.000000000000000000e+00,0.000000000000000000e+00,0.000000000000000000e+00,0.000000000000000000e+00,0.000000000000000000e+00,0.000000000000000000e+00,0.000000000000000000e+00,0.000000000000000000e+00,0.000000000000000000e+00,0.000000000000000000e+00,0.000000000000000000e+00,1.827433062739923508e-02,-2.293311019185370725e+00,-8.073120125283629323e-01,-1.615537488809007494e+00,1.567286076612445456e+00,-2.876375890516314815e+00
0.000000000000000000e+00,0.000000000000000000e+00,0.000000000000000000e+00,0.000000000000000000e+00,0.000000000000000000e+00,0.000000000000000000e+00,0.000000000000000000e+00,0.000000000000000000e+00,0.000000000000000000e+00,0.000000000000000000e+00,0.000000000000000000e+00,0.000000000000000000e+00,2.430653792645069700e-02,-2.294149913223468396e+00,-8.108974039142973211e-01,-1.619635830821546829e+00,1.567737222894681537e+00,-2.876696252600568382e+00
0.000000000000000000e+00,0.000000000000000000e+00,0.000000000000000000e+00,0.000000000000000000e+00,0.000000000000000000e+00,0.000000000000000000e+00,0.000000000000000000e+00,0.000000000000000000e+00,0.000000000000000000e+00,0.000000000000000000e+00,0.000000000000000000e+00,0.000000000000000000e+00,2.513229707596613405e-02,-2.294725675073731708e+00,-8.220594008886150661e-01,-1.618989126397268663e+00,1.567557113483030395e+00,-2.876391523503943226e+00
0.000000000000000000e+00,0.000000000000000000e+00,0.000000000000000000e+00,0.000000000000000000e+00,0.000000000000000000e+00,0.000000000000000000e+00,0.000000000000000000e+00,0.000000000000000000e+00,0.000000000000000000e+00,0.000000000000000000e+00,0.000000000000000000e+00,0.000000000000000000e+00,2.533079559397730107e-02,-2.295929747706651369e+00,-8.346600319679390312e-01,-1.618139907785231646e+00,1.567401859577151058e+00,-2.876343161929145520e+00
0.000000000000000000e+00,0.000000000000000000e+00,0.000000000000000000e+00,0.000000000000000000e+00,0.000000000000000000e+00,0.000000000000000000e+00,0.000000000000000000e+00,0.000000000000000000e+00,0.000000000000000000e+00,0.000000000000000000e+00,0.000000000000000000e+00,0.000000000000000000e+00,2.508350947180978952e-02,-2.297314206209585485e+00,-8.483611760802614032e-01,-1.617145339959120243e+00,1.567231175284325317e+00,-2.876267397598446074e+00
0.000000000000000000e+00,0.000000000000000000e+00,0.000000000000000000e+00,0.000000000000000000e+00,0.000000000000000000e+00,0.000000000000000000e+00,0.000000000000000000e+00,0.000000000000000000e+00,0.000000000000000000e+00,0.000000000000000000e+00,0.000000000000000000e+00,0.000000000000000000e+00,2.483622334964237510e-02,-2.298698664712519601e+00,-8.620623201925839973e-01,-1.616150772133009283e+00,1.567060490991499133e+00,-2.876191633267747516e+00
0.000000000000000000e+00,0.000000000000000000e+00,0.000000000000000000e+00,0.000000000000000000e+00,0.000000000000000000e+00,0.000000000000000000e+00,0.000000000000000000e+00,0.000000000000000000e+00,0.000000000000000000e+00,0.000000000000000000e+00,0.000000000000000000e+00,0.000000000000000000e+00,2.323457469439173251e-02,-2.299264526604109626e+00,-8.736454023231097210e-01,-1.613770730162713551e+00,1.565068162561014109e+00,-2.872973800996554417e+00
0.000000000000000000e+00,0.000000000000000000e+00,0.000000000000000000e+00,0.000000000000000000e+00,0.000000000000000000e+00,0.000000000000000000e+00,0.000000000000000000e+00,0.000000000000000000e+00,0.000000000000000000e+00,0.000000000000000000e+00,0.000000000000000000e+00,0.000000000000000000e+00,2.189306005164476376e-02,-2.302069532312209788e+00,-8.831655276105371266e-01,-1.613391250947916244e+00,1.564539093986644147e+00,-2.872524088414160293e+00
0.000000000000000000e+00,0.000000000000000000e+00,0.000000000000000000e+00,0.000000000000000000e+00,0.000000000000000000e+00,0.000000000000000000e+00,0.000000000000000000e+00,0.000000000000000000e+00,0.000000000000000000e+00,0.000000000000000000e+00,0.000000000000000000e+00,0.000000000000000000e+00,2.070391948594772769e-02,-2.304783253199901516e+00,-8.926556053299758986e-01,-1.613062299978264891e+00,1.563955385163993572e+00,-2.872254528461995360e+00
0.000000000000000000e+00,0.000000000000000000e+00,0.000000000000000000e+00,0.000000000000000000e+00,0.000000000000000000e+00,0.000000000000000000e+00,0.000000000000000000e+00,0.000000000000000000e+00,0.000000000000000000e+00,0.000000000000000000e+00,0.000000000000000000e+00,0.000000000000000000e+00,1.946589754048472232e-02,-2.307891930157158100e+00,-9.019396207017690292e-01,-1.612689621052415312e+00,1.563382300254837265e+00,-2.871981172307222163e+00
0.000000000000000000e+00,0.000000000000000000e+00,0.000000000000000000e+00,0.000000000000000000e+00,0.000000000000000000e+00,0.000000000000000000e+00,0.000000000000000000e+00,0.000000000000000000e+00,0.000000000000000000e+00,0.000000000000000000e+00,0.000000000000000000e+00,0.000000000000000000e+00,1.664210085451522936e-02,-2.322302587538019658e+00,-9.054144148732884423e-01,-1.611015818072788264e+00,1.563178978908072780e+00,-2.871364530349290067e+00
0.000000000000000000e+00,0.000000000000000000e+00,0.000000000000000000e+00,0.000000000000000000e+00,0.000000000000000000e+00,0.000000000000000000e+00,0.000000000000000000e+00,0.000000000000000000e+00,0.000000000000000000e+00,0.000000000000000000e+00,0.000000000000000000e+00,0.000000000000000000e+00,1.312111630147985708e-02,-2.338851259682519057e+00,-9.059562289143265890e-01,-1.609582740185717897e+00,1.562854780107713504e+00,-2.870655387639062361e+00
0.000000000000000000e+00,0.000000000000000000e+00,0.000000000000000000e+00,0.000000000000000000e+00,0.000000000000000000e+00,0.000000000000000000e+00,0.000000000000000000e+00,0.000000000000000000e+00,0.000000000000000000e+00,0.000000000000000000e+00,0.000000000000000000e+00,0.000000000000000000e+00,9.060937544075942096e-03,-2.355708235347576895e+00,-9.044706232554639014e-01,-1.608134082757295857e+00,1.562064182204911500e+00,-2.869058576805219918e+00
0.000000000000000000e+00,0.000000000000000000e+00,0.000000000000000000e+00,0.000000000000000000e+00,0.000000000000000000e+00,0.000000000000000000e+00,0.000000000000000000e+00,0.000000000000000000e+00,0.000000000000000000e+00,0.000000000000000000e+00,0.000000000000000000e+00,0.000000000000000000e+00,-3.683495627362309843e-03,-2.372445543215119024e+00,-9.220137735271470847e-01,-1.578000224978210131e+00,1.563614064911580392e+00,-2.869866560944337674e+00
0.000000000000000000e+00,0.000000000000000000e+00,0.000000000000000000e+00,0.000000000000000000e+00,0.000000000000000000e+00,0.000000000000000000e+00,0.000000000000000000e+00,0.000000000000000000e+00,0.000000000000000000e+00,0.000000000000000000e+00,0.000000000000000000e+00,0.000000000000000000e+00,-3.113812452228675864e-02,-2.387584248706469126e+00,-9.801259598670301054e-01,-1.457508882988653109e+00,1.574414779722386193e+00,-2.873106861905306175e+00
0.000000000000000000e+00,0.000000000000000000e+00,0.000000000000000000e+00,0.000000000000000000e+00,0.000000000000000000e+00,0.000000000000000000e+00,0.000000000000000000e+00,0.000000000000000000e+00,0.000000000000000000e+00,0.000000000000000000e+00,0.000000000000000000e+00,0.000000000000000000e+00,-6.031656798471968228e-02,-2.383863715034702402e+00,-1.037992437936064549e+00,-1.360587941710929893e+00,1.589127531496628887e+00,-2.874316713720938665e+00
0.000000000000000000e+00,0.000000000000000000e+00,0.000000000000000000e+00,0.000000000000000000e+00,0.000000000000000000e+00,0.000000000000000000e+00,0.000000000000000000e+00,0.000000000000000000e+00,0.000000000000000000e+00,0.000000000000000000e+00,0.000000000000000000e+00,0.000000000000000000e+00,-8.973902027447291929e-02,-2.379745308014972416e+00,-1.096034533505626962e+00,-1.263603682066839262e+00,1.603856103413183964e+00,-2.875544670741447817e+00
0.000000000000000000e+00,0.000000000000000000e+00,0.000000000000000000e+00,0.000000000000000000e+00,0.000000000000000000e+00,0.000000000000000000e+00,0.000000000000000000e+00,0.000000000000000000e+00,0.000000000000000000e+00,0.000000000000000000e+00,0.000000000000000000e+00,0.000000000000000000e+00,-1.205686610890078503e-01,-2.365337725341441377e+00,-1.155535089468983756e+00,-1.160867129662767283e+00,1.620093163005463577e+00,-2.877682556443364792e+00
0.000000000000000000e+00,0.000000000000000000e+00,0.000000000000000000e+00,0.000000000000000000e+00,0.000000000000000000e+00,0.000000000000000000e+00,0.000000000000000000e+00,0.000000000000000000e+00,0.000000000000000000e+00,0.000000000000000000e+00,0.000000000000000000e+00,0.000000000000000000e+00,-1.473237315865868480e-01,-2.346866145031197171e+00,-1.214063980241501639e+00,-1.055617039937877921e+00,1.636541224735444278e+00,-2.880351123509090616e+00
0.000000000000000000e+00,0.000000000000000000e+00,0.000000000000000000e+00,0.000000000000000000e+00,0.000000000000000000e+00,0.000000000000000000e+00,0.000000000000000000e+00,0.000000000000000000e+00,0.000000000000000000e+00,0.000000000000000000e+00,0.000000000000000000e+00,0.000000000000000000e+00,-1.756230411102545630e-01,-2.321513693108766319e+00,-1.277371886280856295e+00,-9.383861254160277277e-01,1.654585666438826097e+00,-2.883032296505788405e+00
0.000000000000000000e+00,0.000000000000000000e+00,0.000000000000000000e+00,0.000000000000000000e+00,0.000000000000000000e+00,0.000000000000000000e+00,0.000000000000000000e+00,0.000000000000000000e+00,0.000000000000000000e+00,0.000000000000000000e+00,0.000000000000000000e+00,0.000000000000000000e+00,-2.064128499735638500e-01,-2.296928952356675602e+00,-1.384194220513888185e+00,-7.420852360573889639e-01,1.685330259336322634e+00,-2.884781018102647199e+00
0.000000000000000000e+00,0.000000000000000000e+00,0.000000000000000000e+00,0.000000000000000000e+00,0.000000000000000000e+00,0.000000000000000000e+00,0.000000000000000000e+00,0.000000000000000000e+00,0.000000000000000000e+00,0.000000000000000000e+00,0.000000000000000000e+00,0.000000000000000000e+00,-2.370163069229727637e-01,-2.272495719682645188e+00,-1.490585273778203934e+00,-5.465688209472097103e-01,1.715928943242046367e+00,-2.886493719133701230e+00
0.000000000000000000e+00,0.000000000000000000e+00,0.000000000000000000e+00,0.000000000000000000e+00,0.000000000000000000e+00,0.000000000000000000e+00,0.000000000000000000e+00,0.000000000000000000e+00,0.000000000000000000e+00,0.000000000000000000e+00,0.000000000000000000e+00,0.000000000000000000e+00,-2.679603838367801139e-01,-2.247733639618202606e+00,-1.596344402194148193e+00,-3.520661097293752984e-01,1.746361931444531557e+00,-2.888054812286174222e+00
0.000000000000000000e+00,0.000000000000000000e+00,0.000000000000000000e+00,0.000000000000000000e+00,0.000000000000000000e+00,0.000000000000000000e+00,0.000000000000000000e+00,0.000000000000000000e+00,0.000000000000000000e+00,0.000000000000000000e+00,0.000000000000000000e+00,0.000000000000000000e+00,-3.030162146684510782e-01,-2.218063123387545410e+00,-1.697092790935944340e+00,-1.638691200688203176e-01,1.775407795269951849e+00,-2.888321841933497058e+00
0.000000000000000000e+00,0.000000000000000000e+00,0.000000000000000000e+00,0.000000000000000000e+00,0.000000000000000000e+00,0.000000000000000000e+00,0.000000000000000000e+00,0.000000000000000000e+00,0.000000000000000000e+00,0.000000000000000000e+00,0.000000000000000000e+00,0.000000000000000000e+00,-3.394151082855426660e-01,-2.195923884136768756e+00,-1.789260720634622270e+00,2.045095981070582658e-02,1.803981863516695761e+00,-2.888354645040879465e+00
0.000000000000000000e+00,0.000000000000000000e+00,0.000000000000000000e+00,0.000000000000000000e+00,0.000000000000000000e+00,0.000000000000000000e+00,0.000000000000000000e+00,0.000000000000000000e+00,0.000000000000000000e+00,0.000000000000000000e+00,0.000000000000000000e+00,0.000000000000000000e+00,-3.701067256883252554e-01,-2.185652333650074830e+00,-1.845931802358234064e+00,1.483943786481322635e-01,1.822935406456757779e+00,-2.886760873057094390e+00
0.000000000000000000e+00,0.000000000000000000e+00,0.000000000000000000e+00,0.000000000000000000e+00,0.000000000000000000e+00,0.000000000000000000e+00,0.000000000000000000e+00,0.000000000000000000e+00,0.000000000000000000e+00,0.000000000000000000e+00,0.000000000000000000e+00,0.000000000000000000e+00,-3.939733110116592774e-01,-2.183891035647502310e+00,-1.901498287545719590e+00,2.663926462714868992e-01,1.840474363091342713e+00,-2.884085230236186792e+00
0.000000000000000000e+00,0.000000000000000000e+00,0.000000000000000000e+00,0.000000000000000000e+00,0.000000000000000000e+00,0.000000000000000000e+00,0.000000000000000000e+00,0.000000000000000000e+00,0.000000000000000000e+00,0.000000000000000000e+00,0.000000000000000000e+00,0.000000000000000000e+00,-4.136715512114423898e-01,-2.183837476433538427e+00,-1.942783058981726541e+00,3.584724864427615842e-01,1.855914942528023248e+00,-2.881450732791094982e+00
0.000000000000000000e+00,0.000000000000000000e+00,0.000000000000000000e+00,0.000000000000000000e+00,0.000000000000000000e+00,0.000000000000000000e+00,0.000000000000000000e+00,0.000000000000000000e+00,0.000000000000000000e+00,0.000000000000000000e+00,0.000000000000000000e+00,0.000000000000000000e+00,-4.308338400064135043e-01,-2.183960911817830031e+00,-1.974868397997269653e+00,4.320133246422714346e-01,1.869114970105129725e+00,-2.879322869910876381e+00
0.000000000000000000e+00,0.000000000000000000e+00,0.000000000000000000e+00,0.000000000000000000e+00,0.000000000000000000e+00,0.000000000000000000e+00,0.000000000000000000e+00,0.000000000000000000e+00,0.000000000000000000e+00,0.000000000000000000e+00,0.000000000000000000e+00,0.000000000000000000e+00,-4.438378268615129629e-01,-2.181464712713200527e+00,-1.999789600288177871e+00,5.029047862610713793e-01,1.880018183060720327e+00,-2.876934044688978620e+00
0.000000000000000000e+00,0.000000000000000000e+00,0.000000000000000000e+00,0.000000000000000000e+00,0.000000000000000000e+00,0.000000000000000000e+00,0.000000000000000000e+00,0.000000000000000000e+00,0.000000000000000000e+00,0.000000000000000000e+00,0.000000000000000000e+00,0.000000000000000000e+00,-4.426218432005848968e-01,-2.184508283821982033e+00,-2.010816130212819797e+00,5.535626513126239434e-01,1.886397486102334931e+00,-2.875130181142018682e+00
0.000000000000000000e+00,0.000000000000000000e+00,0.000000000000000000e+00,0.000000000000000000e+00,0.000000000000000000e+00,0.000000000000000000e+00,0.000000000000000000e+00,0.000000000000000000e+00,0.000000000000000000e+00,0.000000000000000000e+00,0.000000000000000000e+00,0.000000000000000000e+00,-4.434975017415359044e-01,-2.190512634225351363e+00,-2.016948648283791279e+00,5.853691143314143641e-01,1.891214097402656336e+00,-2.873227861185871479e+00
0.000000000000000000e+00,0.000000000000000000e+00,0.000000000000000000e+00,0.000000000000000000e+00,0.000000000000000000e+00,0.000000000000000000e+00,0.000000000000000000e+00,0.000000000000000000e+00,0.000000000000000000e+00,0.000000000000000000e+00,0.000000000000000000e+00,0.000000000000000000e+00,-4.426942815984286073e-01,-2.194239622055806471e+00,-2.021130450794880851e+00,5.993970006662758809e-01,1.894487197989122684e+00,-2.871549055887014035e+00
0.000000000000000000e+00,0.000000000000000000e+00,0.000000000000000000e+00,0.000000000000000000e+00,0.000000000000000000e+00,0.000000000000000000e+00,0.000000000000000000e+00,0.000000000000000000e+00,0.000000000000000000e+00,0.000000000000000000e+00,0.000000000000000000e+00,0.000000000000000000e+00,-4.302672680162793473e-01,-2.195028033108174625e+00,-2.027691492099858550e+00,6.109728878941245167e-01,1.896497264726206167e+00,-2.870835281041542952e+00
0.000000000000000000e+00,0.000000000000000000e+00,0.000000000000000000e+00,0.000000000000000000e+00,0.000000000000000000e+00,0.000000000000000000e+00,0.000000000000000000e+00,0.000000000000000000e+00,0.000000000000000000e+00,0.000000000000000000e+00,0.000000000000000000e+00,0.000000000000000000e+00,-4.171829625258839380e-01,-2.195650276140771240e+00,-2.034387072478952341e+00,6.224101216625401722e-01,1.898435910551226735e+00,-2.870176075877781230e+00
0.000000000000000000e+00,0.000000000000000000e+00,0.000000000000000000e+00,0.000000000000000000e+00,0.000000000000000000e+00,0.000000000000000000e+00,0.000000000000000000e+00,0.000000000000000000e+00,0.000000000000000000e+00,0.000000000000000000e+00,0.000000000000000000e+00,0.000000000000000000e+00,-4.039769400265105781e-01,-2.196545638756790098e+00,-2.041700125311531444e+00,6.342092078681920153e-01,1.900403560545439241e+00,-2.869670452927393089e+00
0.000000000000000000e+00,0.000000000000000000e+00,0.000000000000000000e+00,0.000000000000000000e+00,0.000000000000000000e+00,0.000000000000000000e+00,0.000000000000000000e+00,0.000000000000000000e+00,0.000000000000000000e+00,0.000000000000000000e+00,0.000000000000000000e+00,0.000000000000000000e+00,-3.905430166413753623e-01,-2.197640953344040859e+00,-2.049375977832239570e+00,6.462748756113358972e-01,1.902302552601553121e+00,-2.869281036868731594e+00
0.000000000000000000e+00,0.000000000000000000e+00,0.000000000000000000e+00,0.000000000000000000e+00,0.000000000000000000e+00,0.000000000000000000e+00,0.000000000000000000e+00,0.000000000000000000e+00,0.000000000000000000e+00,0.000000000000000000e+00,0.000000000000000000e+00,0.000000000000000000e+00,-3.858544799159848715e-01,-2.204050782416822063e+00,-2.060814691521410058e+00,6.592174388258460471e-01,1.907990766093843993e+00,-2.876050320292565576e+00
0.000000000000000000e+00,0.000000000000000000e+00,0.000000000000000000e+00,0.000000000000000000e+00,0.000000000000000000e+00,0.000000000000000000e+00,0.000000000000000000e+00,0.000000000000000000e+00,0.000000000000000000e+00,0.000000000000000000e+00,0.000000000000000000e+00,0.000000000000000000e+00,-3.688790208204649756e-01,-2.204219258009179949e+00,-2.070494068834843215e+00,6.722625054208561934e-01,1.908932347335468460e+00,-2.876174749474459613e+00
0.000000000000000000e+00,0.000000000000000000e+00,0.000000000000000000e+00,0.000000000000000000e+00,0.000000000000000000e+00,0.000000000000000000e+00,0.000000000000000000e+00,0.000000000000000000e+00,0.000000000000000000e+00,0.000000000000000000e+00,0.000000000000000000e+00,0.000000000000000000e+00,-3.565507265449525676e-01,-2.204486359806516749e+00,-2.076744785014967842e+00,6.786890186798817393e-01,1.909089015530698985e+00,-2.875978591478275614e+00
0.000000000000000000e+00,0.000000000000000000e+00,0.000000000000000000e+00,0.000000000000000000e+00,0.000000000000000000e+00,0.000000000000000000e+00,0.000000000000000000e+00,0.000000000000000000e+00,0.000000000000000000e+00,0.000000000000000000e+00,0.000000000000000000e+00,0.000000000000000000e+00,-3.442224322694401595e-01,-2.204753461603853104e+00,-2.082995501195092469e+00,6.851155319389066189e-01,1.909245683725929732e+00,-2.875782433482091172e+00
0.000000000000000000e+00,0.000000000000000000e+00,0.000000000000000000e+00,0.000000000000000000e+00,0.000000000000000000e+00,0.000000000000000000e+00,0.000000000000000000e+00,0.000000000000000000e+00,0.000000000000000000e+00,0.000000000000000000e+00,0.000000000000000000e+00,0.000000000000000000e+00,-3.318941379939276404e-01,-2.205020563401189904e+00,-2.089246217375216652e+00,6.915420451979317207e-01,1.909402351921160257e+00,-2.875586275485906729e+00
0.000000000000000000e+00,0.000000000000000000e+00,0.000000000000000000e+00,0.000000000000000000e+00,0.000000000000000000e+00,0.000000000000000000e+00,0.000000000000000000e+00,0.000000000000000000e+00,0.000000000000000000e+00,0.000000000000000000e+00,0.000000000000000000e+00,0.000000000000000000e+00,-3.195658437184152323e-01,-2.205287665198526703e+00,-2.095496933555340835e+00,6.979685584569568224e-01,1.909559020116391004e+00,-2.875390117489722730e+00
0.000000000000000000e+00,0.000000000000000000e+00,0.000000000000000000e+00,0.000000000000000000e+00,0.000000000000000000e+00,0.000000000000000000e+00,0.000000000000000000e+00,0.000000000000000000e+00,0.000000000000000000e+00,0.000000000000000000e+00,0.000000000000000000e+00,0.000000000000000000e+00,-3.072375494429028242e-01,-2.205554766995863503e+00,-2.101747649735465906e+00,7.043950717159814801e-01,1.909715688311621307e+00,-2.875193959493538287e+00
0.000000000000000000e+00,0.000000000000000000e+00,0.000000000000000000e+00,0.000000000000000000e+00,0.000000000000000000e+00,0.000000000000000000e+00,0.000000000000000000e+00,0.000000000000000000e+00,0.000000000000000000e+00,0.000000000000000000e+00,0.000000000000000000e+00,0.000000000000000000e+00,-2.950920434917413404e-01,-2.205780717777455102e+00,-2.109067907126108032e+00,7.110110720564011277e-01,1.909902486128018939e+00,-2.875225601828530042e+00
0.000000000000000000e+00,0.000000000000000000e+00,0.000000000000000000e+00,0.000000000000000000e+00,0.000000000000000000e+00,0.000000000000000000e+00,0.000000000000000000e+00,0.000000000000000000e+00,0.000000000000000000e+00,0.000000000000000000e+00,0.000000000000000000e+00,0.000000000000000000e+00,-2.829003947382199291e-01,-2.205913419931714081e+00,-2.116694658947013696e+00,7.176181516904693858e-01,1.909959529022094316e+00,-2.875271145645097004e+00
0.000000000000000000e+00,0.000000000000000000e+00,0.000000000000000000e+00,0.000000000000000000e+00,0.000000000000000000e+00,0.000000000000000000e+00,0.000000000000000000e+00,0.000000000000000000e+00,0.000000000000000000e+00,0.000000000000000000e+00,0.000000000000000000e+00,0.000000000000000000e+00,-2.700867301909823937e-01,-2.205063669027928164e+00,-2.126925763429238447e+00,7.240018872646500903e-01,1.908591049335169210e+00,-2.875314909092860027e+00
0.000000000000000000e+00,0.000000000000000000e+00,0.000000000000000000e+00,0.000000000000000000e+00,0.000000000000000000e+00,0.000000000000000000e+00,0.000000000000000000e+00,0.000000000000000000e+00,0.000000000000000000e+00,0.000000000000000000e+00,0.000000000000000000e+00,0.000000000000000000e+00,-2.572730656437450802e-01,-2.204213918124141358e+00,-2.137156867911463198e+00,7.303856228388303506e-01,1.907222569648243882e+00,-2.875358672540623495e+00
0.000000000000000000e+00,0.000000000000000000e+00,0.000000000000000000e+00,0.000000000000000000e+00,0.000000000000000000e+00,0.000000000000000000e+00,0.000000000000000000e+00,0.000000000000000000e+00,0.000000000000000000e+00,0.000000000000000000e+00,0.000000000000000000e+00,0.000000000000000000e+00,-2.444594010965076003e-01,-2.203364167220355441e+00,-2.147387972393687949e+00,7.367693584130114992e-01,1.905854089961318776e+00,-2.875402435988386518e+00
0.000000000000000000e+00,0.000000000000000000e+00,0.000000000000000000e+00,0.000000000000000000e+00,0.000000000000000000e+00,0.000000000000000000e+00,0.000000000000000000e+00,0.000000000000000000e+00,0.000000000000000000e+00,0.000000000000000000e+00,0.000000000000000000e+00,0.000000000000000000e+00,-2.316457365492702036e-01,-2.202514416316569523e+00,-2.157619076875912256e+00,7.431530939871922037e-01,1.904485610274393670e+00,-2.875446199436149541e+00
0.000000000000000000e+00,0.000000000000000000e+00,0.000000000000000000e+00,0.000000000000000000e+00,0.000000000000000000e+00,0.000000000000000000e+00,0.000000000000000000e+00,0.000000000000000000e+00,0.000000000000000000e+00,0.000000000000000000e+00,0.000000000000000000e+00,0.000000000000000000e+00,-2.192004076177814509e-01,-2.202655301284173639e+00,-2.166081563078849026e+00,7.492219323422062427e-01,1.903104499890962309e+00,-2.875563380102705846e+00
0.000000000000000000e+00,0.000000000000000000e+00,0.000000000000000000e+00,0.000000000000000000e+00,0.000000000000000000e+00,0.000000000000000000e+00,0.000000000000000000e+00,0.000000000000000000e+00,0.000000000000000000e+00,0.000000000000000000e+00,0.000000000000000000e+00,0.000000000000000000e+00,-2.071337385178884383e-01,-2.204035004382373764e+00,-2.171486767549061003e+00,7.557553221495427742e-01,1.900560118144824173e+00,-2.875778307493710440e+00
0.000000000000000000e+00,0.000000000000000000e+00,0.000000000000000000e+00,0.000000000000000000e+00,0.000000000000000000e+00,0.000000000000000000e+00,0.000000000000000000e+00,0.000000000000000000e+00,0.000000000000000000e+00,0.000000000000000000e+00,0.000000000000000000e+00,0.000000000000000000e+00,-1.940857754092310539e-01,-2.204384895864465399e+00,-2.173220023830471970e+00,7.673249923602654121e-01,1.890562896373920498e+00,-2.875925190674636589e+00
0.000000000000000000e+00,0.000000000000000000e+00,0.000000000000000000e+00,0.000000000000000000e+00,0.000000000000000000e+00,0.000000000000000000e+00,0.000000000000000000e+00,0.000000000000000000e+00,0.000000000000000000e+00,0.000000000000000000e+00,0.000000000000000000e+00,0.000000000000000000e+00,-1.805634466026228568e-01,-2.204345533780720956e+00,-2.172976770753995979e+00,7.807572668719129361e-01,1.876958559861378939e+00,-2.876028540536764044e+00
0.000000000000000000e+00,0.000000000000000000e+00,0.000000000000000000e+00,0.000000000000000000e+00,0.000000000000000000e+00,0.000000000000000000e+00,0.000000000000000000e+00,0.000000000000000000e+00,0.000000000000000000e+00,0.000000000000000000e+00,0.000000000000000000e+00,0.000000000000000000e+00,-1.668023561784723885e-01,-2.204297851919893692e+00,-2.172771168620399873e+00,7.942914272562586753e-01,1.862950485212973462e+00,-2.876141892342391593e+00
0.000000000000000000e+00,0.000000000000000000e+00,0.000000000000000000e+00,0.000000000000000000e+00,0.000000000000000000e+00,0.000000000000000000e+00,0.000000000000000000e+00,0.000000000000000000e+00,0.000000000000000000e+00,0.000000000000000000e+00,0.000000000000000000e+00,0.000000000000000000e+00,-1.453364533381506507e-01,-2.203981691723126968e+00,-2.173780558474063263e+00,8.111134340921561936e-01,1.835913823163842107e+00,-2.876578005818246186e+00
0.000000000000000000e+00,0.000000000000000000e+00,0.000000000000000000e+00,0.000000000000000000e+00,0.000000000000000000e+00,0.000000000000000000e+00,0.000000000000000000e+00,0.000000000000000000e+00,0.000000000000000000e+00,0.000000000000000000e+00,0.000000000000000000e+00,0.000000000000000000e+00,-1.236564885547556947e-01,-2.203596225798904573e+00,-2.176069754035037551e+00,8.268213570124238743e-01,1.809592261641826738e+00,-2.877057389460570214e+00
0.000000000000000000e+00,0.000000000000000000e+00,0.000000000000000000e+00,0.000000000000000000e+00,0.000000000000000000e+00,0.000000000000000000e+00,0.000000000000000000e+00,0.000000000000000000e+00,0.000000000000000000e+00,0.000000000000000000e+00,0.000000000000000000e+00,0.000000000000000000e+00,-1.013129809085393795e-01,-2.203150732426565561e+00,-2.182211275846772214e+00,8.391299970079186821e-01,1.785476212596587064e+00,-2.877600170795683088e+00
0.000000000000000000e+00,0.000000000000000000e+00,0.000000000000000000e+00,0.000000000000000000e+00,0.000000000000000000e+00,0.000000000000000000e+00,0.000000000000000000e+00,0.000000000000000000e+00,0.000000000000000000e+00,0.000000000000000000e+00,0.000000000000000000e+00,0.000000000000000000e+00,-7.783091086273952186e-02,-2.204550002035950751e+00,-2.187693651982934639e+00,8.471556440370573426e-01,1.764186621488091467e+00,-2.876925850068941415e+00
0.000000000000000000e+00,0.000000000000000000e+00,0.000000000000000000e+00,0.000000000000000000e+00,0.000000000000000000e+00,0.000000000000000000e+00,0.000000000000000000e+00,0.000000000000000000e+00,0.000000000000000000e+00,0.000000000000000000e+00,0.000000000000000000e+00,0.000000000000000000e+00,-5.422156202291464333e-02,-2.205080575540021570e+00,-2.193111364331053359e+00,8.544442199045152453e-01,1.743179686238042425e+00,-2.876547628827970104e+00
0.000000000000000000e+00,0.000000000000000000e+00,0.000000000000000000e+00,0.000000000000000000e+00,0.000000000000000000e+00,0.000000000000000000e+00,0.000000000000000000e+00,0.000000000000000000e+00,0.000000000000000000e+00,0.000000000000000000e+00,0.000000000000000000e+00,0.000000000000000000e+00,-3.061221318308957051e-02,-2.205611149044091945e+00,-2.198529076679171634e+00,8.617327957719735920e-01,1.722172750987993828e+00,-2.876169407586998350e+00
0.000000000000000000e+00,0.000000000000000000e+00,0.000000000000000000e+00,0.000000000000000000e+00,0.000000000000000000e+00,0.000000000000000000e+00,0.000000000000000000e+00,0.000000000000000000e+00,0.000000000000000000e+00,0.000000000000000000e+00,0.000000000000000000e+00,0.000000000000000000e+00,-7.002864343264553204e-03,-2.206141722548162765e+00,-2.203946789027290354e+00,8.690213716394314947e-01,1.701165815737944786e+00,-2.875791186346026596e+00
0.000000000000000000e+00,0.000000000000000000e+00,0.000000000000000000e+00,0.000000000000000000e+00,0.000000000000000000e+00,0.000000000000000000e+00,0.000000000000000000e+00,0.000000000000000000e+00,0.000000000000000000e+00,0.000000000000000000e+00,0.000000000000000000e+00,0.000000000000000000e+00,1.749754556520834170e-02,-2.206401943898664619e+00,-2.206946204878704076e+00,8.728181503945857678e-01,1.679560202125068624e+00,-2.875346406439917235e+00
0.000000000000000000e+00,0.000000000000000000e+00,0.000000000000000000e+00,0.000000000000000000e+00,0.000000000000000000e+00,0.000000000000000000e+00,0.000000000000000000e+00,0.000000000000000000e+00,0.000000000000000000e+00,0.000000000000000000e+00,0.000000000000000000e+00,0.000000000000000000e+00,4.273273536266333772e-02,-2.206439229546581338e+00,-2.207951463770626788e+00,8.737355504126349537e-01,1.657460910989459801e+00,-2.874846741441976938e+00
0.000000000000000000e+00,0.000000000000000000e+00,0.000000000000000000e+00,0.000000000000000000e+00,0.000000000000000000e+00,0.000000000000000000e+00,0.000000000000000000e+00,0.000000000000000000e+00,0.000000000000000000e+00,0.000000000000000000e+00,0.000000000000000000e+00,0.000000000000000000e+00,6.796792516011826435e-02,-2.206476515194497168e+00,-2.208956722662549943e+00,8.746529504306841396e-01,1.635361619853850979e+00,-2.874347076444036642e+00
0.000000000000000000e+00,0.000000000000000000e+00,0.000000000000000000e+00,0.000000000000000000e+00,0.000000000000000000e+00,0.000000000000000000e+00,0.000000000000000000e+00,0.000000000000000000e+00,0.000000000000000000e+00,0.000000000000000000e+00,0.000000000000000000e+00,0.000000000000000000e+00,9.322274227940838265e-02,-2.206502042434530964e+00,-2.209958111123893953e+00,8.755638418998485939e-01,1.613255290501775630e+00,-2.873870616926459842e+00
0.000000000000000000e+00,0.000000000000000000e+00,0.000000000000000000e+00,0.000000000000000000e+00,0.000000000000000000e+00,0.000000000000000000e+00,0.000000000000000000e+00,0.000000000000000000e+00,0.000000000000000000e+00,0.000000000000000000e+00,0.000000000000000000e+00,0.000000000000000000e+00,1.184861110016511565e-01,-2.206522446548932592e+00,-2.210957813242809600e+00,8.764718976012852991e-01,1.591145894606377453e+00,-2.873404268011646945e+00
0.000000000000000000e+00,0.000000000000000000e+00,0.000000000000000000e+00,0.000000000000000000e+00,0.000000000000000000e+00,0.000000000000000000e+00,0.000000000000000000e+00,0.000000000000000000e+00,0.000000000000000000e+00,0.000000000000000000e+00,0.000000000000000000e+00,0.000000000000000000e+00,1.437494797238938471e-01,-2.206542850663334221e+00,-2.211957515361725246e+00,8.773799533027211162e-01,1.569036498710979277e+00,-2.872937919096834047e+00
0.000000000000000000e+00,0.000000000000000000e+00,0.000000000000000000e+00,0.000000000000000000e+00,0.000000000000000000e+00,0.000000000000000000e+00,0.000000000000000000e+00,0.000000000000000000e+00,0.000000000000000000e+00,0.000000000000000000e+00,0.000000000000000000e+00,0.000000000000000000e+00,1.690128484461364544e-01,-2.206563254777735850e+00,-2.212957217480640448e+00,8.782880090041569332e-01,1.546927102815581101e+00,-2.872471570182021594e+00
0.000000000000000000e+00,0.000000000000000000e+00,0.000000000000000000e+00,0.000000000000000000e+00,0.000000000000000000e+00,0.000000000000000000e+00,0.000000000000000000e+00,0.000000000000000000e+00,0.000000000000000000e+00,0.000000000000000000e+00,0.000000000000000000e+00,0.000000000000000000e+00,1.928243031335418745e-01,-2.206738885065352207e+00,-2.213593645107601926e+00,8.804399364826203112e-01,1.527906489619268005e+00,-2.871760171682825824e+00
0.000000000000000000e+00,0.000000000000000000e+00,0.000000000000000000e+00,0.000000000000000000e+00,0.000000000000000000e+00,0.000000000000000000e+00,0.000000000000000000e+00,0.000000000000000000e+00,0.000000000000000000e+00,0.000000000000000000e+00,0.000000000000000000e+00,0.000000000000000000e+00,2.160788418180296100e-01,-2.206608275683909159e+00,-2.215167349870306168e+00,8.847634487131066372e-01,1.510349561127426909e+00,-2.869740279195762245e+00
0.000000000000000000e+00,0.000000000000000000e+00,0.000000000000000000e+00,0.000000000000000000e+00,0.000000000000000000e+00,0.000000000000000000e+00,0.000000000000000000e+00,0.000000000000000000e+00,0.000000000000000000e+00,0.000000000000000000e+00,0.000000000000000000e+00,0.000000000000000000e+00,2.393333805025170680e-01,-2.206477666302466556e+00,-2.216741054633011299e+00,8.890869609435927412e-01,1.492792632635585370e+00,-2.867720386708699110e+00
0.000000000000000000e+00,0.000000000000000000e+00,0.000000000000000000e+00,0.000000000000000000e+00,0.000000000000000000e+00,0.000000000000000000e+00,0.000000000000000000e+00,0.000000000000000000e+00,0.000000000000000000e+00,0.000000000000000000e+00,0.000000000000000000e+00,0.000000000000000000e+00,2.625879191870047480e-01,-2.206347056921023508e+00,-2.218314759395715985e+00,8.934104731740788452e-01,1.475235704143744275e+00,-2.865700494221635086e+00
0.000000000000000000e+00,0.000000000000000000e+00,0.000000000000000000e+00,0.000000000000000000e+00,0.000000000000000000e+00,0.000000000000000000e+00,0.000000000000000000e+00,0.000000000000000000e+00,0.000000000000000000e+00,0.000000000000000000e+00,0.000000000000000000e+00,0.000000000000000000e+00,2.864456775661382015e-01,-2.206383356103594373e+00,-2.219345304343414593e+00,8.972087473379610767e-01,1.455557636633311169e+00,-2.858972069241253688e+00
0.000000000000000000e+00,0.000000000000000000e+00,0.000000000000000000e+00,0.000000000000000000e+00,0.000000000000000000e+00,0.000000000000000000e+00,0.000000000000000000e+00,0.000000000000000000e+00,0.000000000000000000e+00,0.000000000000000000e+00,0.000000000000000000e+00,0.000000000000000000e+00,3.121186543082767884e-01,-2.206921919209293037e+00,-2.218741364079511946e+00,8.994264667024713944e-01,1.429496603627536944e+00,-2.838074652895797190e+00
0.000000000000000000e+00,0.000000000000000000e+00,0.000000000000000000e+00,0.000000000000000000e+00,0.000000000000000000e+00,0.000000000000000000e+00,0.000000000000000000e+00,0.000000000000000000e+00,0.000000000000000000e+00,0.000000000000000000e+00,0.000000000000000000e+00,0.000000000000000000e+00,3.377916310504152642e-01,-2.207460482314991701e+00,-2.218137423815609299e+00,9.016441860669808239e-01,1.403435570621762718e+00,-2.817177236550340691e+00
0.000000000000000000e+00,0.000000000000000000e+00,0.000000000000000000e+00,0.000000000000000000e+00,0.000000000000000000e+00,0.000000000000000000e+00,0.000000000000000000e+00,0.000000000000000000e+00,0.000000000000000000e+00,0.000000000000000000e+00,0.000000000000000000e+00,0.000000000000000000e+00,3.634646077925536845e-01,-2.207999045420690365e+00,-2.217533483551707096e+00,9.038619054314906975e-01,1.377374537615988270e+00,-2.796279820204884192e+00
0.000000000000000000e+00,0.000000000000000000e+00,0.000000000000000000e+00,0.000000000000000000e+00,0.000000000000000000e+00,0.000000000000000000e+00,0.000000000000000000e+00,0.000000000000000000e+00,0.000000000000000000e+00,0.000000000000000000e+00,0.000000000000000000e+00,0.000000000000000000e+00,3.891375845346923268e-01,-2.208537608526388141e+00,-2.216929543287804005e+00,9.060796247960007932e-01,1.351313504610214267e+00,-2.775382403859427694e+00
0.000000000000000000e+00,0.000000000000000000e+00,0.000000000000000000e+00,0.000000000000000000e+00,0.000000000000000000e+00,0.000000000000000000e+00,0.000000000000000000e+00,0.000000000000000000e+00,0.000000000000000000e+00,0.000000000000000000e+00,0.000000000000000000e+00,0.000000000000000000e+00,4.148105612768308026e-01,-2.209076171632087249e+00,-2.216325603023901802e+00,9.082973441605108889e-01,1.325252471604439819e+00,-2.754484987513971639e+00
0.000000000000000000e+00,0.000000000000000000e+00,0.000000000000000000e+00,0.000000000000000000e+00,0.000000000000000000e+00,0.000000000000000000e+00,0.000000000000000000e+00,0.000000000000000000e+00,0.000000000000000000e+00,0.000000000000000000e+00,0.000000000000000000e+00,0.000000000000000000e+00,4.406119465317470674e-01,-2.209511969874410564e+00,-2.215482516418449510e+00,9.102155343344442429e-01,1.299142262822261973e+00,-2.733534078422531710e+00
0.000000000000000000e+00,0.000000000000000000e+00,0.000000000000000000e+00,0.000000000000000000e+00,0.000000000000000000e+00,0.000000000000000000e+00,0.000000000000000000e+00,0.000000000000000000e+00,0.000000000000000000e+00,0.000000000000000000e+00,0.000000000000000000e+00,0.000000000000000000e+00,4.682385065766689891e-01,-2.208487087404267690e+00,-2.211240248058793600e+00,9.078762721348108133e-01,1.272333078672881035e+00,-2.711822833358767948e+00
0.000000000000000000e+00,0.000000000000000000e+00,0.000000000000000000e+00,0.000000000000000000e+00,0.000000000000000000e+00,0.000000000000000000e+00,0.000000000000000000e+00,0.000000000000000000e+00,0.000000000000000000e+00,0.000000000000000000e+00,0.000000000000000000e+00,0.000000000000000000e+00,4.958650666215911329e-01,-2.207462204934125261e+00,-2.206997979699137691e+00,9.055370099351773838e-01,1.245523894523500319e+00,-2.690111588295004630e+00
0.000000000000000000e+00,0.000000000000000000e+00,0.000000000000000000e+00,0.000000000000000000e+00,0.000000000000000000e+00,0.000000000000000000e+00,0.000000000000000000e+00,0.000000000000000000e+00,0.000000000000000000e+00,0.000000000000000000e+00,0.000000000000000000e+00,0.000000000000000000e+00,5.219704857929740038e-01,-2.207835188888770617e+00,-2.201856994152166624e+00,9.018444674020682505e-01,1.219519882251864251e+00,-2.670640361396519946e+00
0.000000000000000000e+00,0.000000000000000000e+00,0.000000000000000000e+00,0.000000000000000000e+00,0.000000000000000000e+00,0.000000000000000000e+00,0.000000000000000000e+00,0.000000000000000000e+00,0.000000000000000000e+00,0.000000000000000000e+00,0.000000000000000000e+00,0.000000000000000000e+00,5.464417160162159393e-01,-2.209696215301156563e+00,-2.195767418308971930e+00,8.968256163464518593e-01,1.194306589000556640e+00,-2.653405921532241862e+00
0.000000000000000000e+00,0.000000000000000000e+00,0.000000000000000000e+00,0.000000000000000000e+00,0.000000000000000000e+00,0.000000000000000000e+00,0.000000000000000000e+00,0.000000000000000000e+00,0.000000000000000000e+00,0.000000000000000000e+00,0.000000000000000000e+00,0.000000000000000000e+00,5.678592699609731342e-01,-2.209502997913741495e+00,-2.175849212105398056e+00,8.726496969881294419e-01,1.175469902536216082e+00,-2.640279361385435397e+00
0.000000000000000000e+00,0.000000000000000000e+00,0.000000000000000000e+00,0.000000000000000000e+00,0.000000000000000000e+00,0.000000000000000000e+00,0.000000000000000000e+00,0.000000000000000000e+00,0.000000000000000000e+00,0.000000000000000000e+00,0.000000000000000000e+00,0.000000000000000000e+00,5.874405925345002055e-01,-2.209760543682771416e+00,-2.151628437058287435e+00,8.414724860797537787e-01,1.159376026630419165e+00,-2.628474317680013161e+00
0.000000000000000000e+00,0.000000000000000000e+00,0.000000000000000000e+00,0.000000000000000000e+00,0.000000000000000000e+00,0.000000000000000000e+00,0.000000000000000000e+00,0.000000000000000000e+00,0.000000000000000000e+00,0.000000000000000000e+00,0.000000000000000000e+00,0.000000000000000000e+00,6.046048774906110923e-01,-2.210311559494052780e+00,-2.128518239864867656e+00,8.120476702269525671e-01,1.146228537951484272e+00,-2.618939986627255578e+00
0.000000000000000000e+00,0.000000000000000000e+00,0.000000000000000000e+00,0.000000000000000000e+00,0.000000000000000000e+00,0.000000000000000000e+00,0.000000000000000000e+00,0.000000000000000000e+00,0.000000000000000000e+00,0.000000000000000000e+00,0.000000000000000000e+00,0.000000000000000000e+00,6.179177916049461983e-01,-2.210638001522726270e+00,-2.104133890145809094e+00,7.768180308758103614e-01,1.138007532440916236e+00,-2.605768057214354894e+00
0.000000000000000000e+00,0.000000000000000000e+00,0.000000000000000000e+00,0.000000000000000000e+00,0.000000000000000000e+00,0.000000000000000000e+00,0.000000000000000000e+00,0.000000000000000000e+00,0.000000000000000000e+00,0.000000000000000000e+00,0.000000000000000000e+00,0.000000000000000000e+00,6.252197815912358125e-01,-2.210510062820085331e+00,-2.076093620253792960e+00,7.291261574160219361e-01,1.137315095098464290e+00,-2.586999464694544226e+00
0.000000000000000000e+00,0.000000000000000000e+00,0.000000000000000000e+00,0.000000000000000000e+00,0.000000000000000000e+00,0.000000000000000000e+00,0.000000000000000000e+00,0.000000000000000000e+00,0.000000000000000000e+00,0.000000000000000000e+00,0.000000000000000000e+00,0.000000000000000000e+00,6.325217715775254268e-01,-2.210382124117444391e+00,-2.048053350361776381e+00,6.814342839562330667e-01,1.136622657756012122e+00,-2.568230872174733559e+00
0.000000000000000000e+00,0.000000000000000000e+00,0.000000000000000000e+00,0.000000000000000000e+00,0.000000000000000000e+00,0.000000000000000000e+00,0.000000000000000000e+00,0.000000000000000000e+00,0.000000000000000000e+00,0.000000000000000000e+00,0.000000000000000000e+00,0.000000000000000000e+00,6.398237615638152631e-01,-2.210254185414803452e+00,-2.020013080469760247e+00,6.337424104964446414e-01,1.135930220413560177e+00,-2.549462279654923336e+00
0.000000000000000000e+00,0.000000000000000000e+00,0.000000000000000000e+00,0.000000000000000000e+00,0.000000000000000000e+00,0.000000000000000000e+00,0.000000000000000000e+00,0.000000000000000000e+00,0.000000000000000000e+00,0.000000000000000000e+00,0.000000000000000000e+00,0.000000000000000000e+00,6.470877252449857009e-01,-2.210142374580914115e+00,-1.992003177032100947e+00,5.860312894245105486e-01,1.135239120888147824e+00,-2.530706363399003678e+00
0.000000000000000000e+00,0.000000000000000000e+00,0.000000000000000000e+00,0.000000000000000000e+00,0.000000000000000000e+00,0.000000000000000000e+00,0.000000000000000000e+00,0.000000000000000000e+00,0.000000000000000000e+00,0.000000000000000000e+00,0.000000000000000000e+00,0.000000000000000000e+00,6.503674571502285895e-01,-2.210392607957619937e+00,-1.965985808293625237e+00,5.359691743637169381e-01,1.134864267193764542e+00,-2.512670089479471347e+00
0.000000000000000000e+00,0.000000000000000000e+00,0.000000000000000000e+00,0.000000000000000000e+00,0.000000000000000000e+00,0.000000000000000000e+00,0.000000000000000000e+00,0.000000000000000000e+00,0.000000000000000000e+00,0.000000000000000000e+00,0.000000000000000000e+00,0.000000000000000000e+00,6.534690990190901161e-01,-2.210297506875161133e+00,-1.939733732285455980e+00,4.857109478764515820e-01,1.134551490194509293e+00,-2.494500297202491446e+00
0.000000000000000000e+00,0.000000000000000000e+00,0.000000000000000000e+00,0.000000000000000000e+00,0.000000000000000000e+00,0.000000000000000000e+00,0.000000000000000000e+00,0.000000000000000000e+00,0.000000000000000000e+00,0.000000000000000000e+00,0.000000000000000000e+00,0.000000000000000000e+00,6.565707408879519758e-01,-2.210202405792703217e+00,-1.913481656277287168e+00,4.354527213891871695e-01,1.134238713195254267e+00,-2.476330504925511100e+00
0.000000000000000000e+00,0.000000000000000000e+00,0.000000000000000000e+00,0.000000000000000000e+00,0.000000000000000000e+00,0.000000000000000000e+00,0.000000000000000000e+00,0.000000000000000000e+00,0.000000000000000000e+00,0.000000000000000000e+00,0.000000000000000000e+00,0.000000000000000000e+00,6.596723827568135023e-01,-2.210107304710244414e+00,-1.887229580269118578e+00,3.851944949019222020e-01,1.133925936195999018e+00,-2.458160712648531643e+00
0.000000000000000000e+00,0.000000000000000000e+00,0.000000000000000000e+00,0.000000000000000000e+00,0.000000000000000000e+00,0.000000000000000000e+00,0.000000000000000000e+00,0.000000000000000000e+00,0.000000000000000000e+00,0.000000000000000000e+00,0.000000000000000000e+00,0.000000000000000000e+00,6.627740246256752510e-01,-2.210012203627786054e+00,-1.860977504260949100e+00,3.349362684146564573e-01,1.133613159196743769e+00,-2.439990920371551741e+00
0.000000000000000000e+00,0.000000000000000000e+00,0.000000000000000000e+00,0.000000000000000000e+00,0.000000000000000000e+00,0.000000000000000000e+00,0.000000000000000000e+00,0.000000000000000000e+00,0.000000000000000000e+00,0.000000000000000000e+00,0.000000000000000000e+00,0.000000000000000000e+00,6.646670861900734195e-01,-2.210087067974537245e+00,-1.838119918703822631e+00,2.848254406852028242e-01,1.133760282206857317e+00,-2.417156103502009046e+00
0.000000000000000000e+00,0.000000000000000000e+00,0.000000000000000000e+00,0.000000000000000000e+00,0.000000000000000000e+00,0.000000000000000000e+00,0.000000000000000000e+00,0.000000000000000000e+00,0.000000000000000000e+00,0.000000000000000000e+00,0.000000000000000000e+00,0.000000000000000000e+00,6.649984269344290100e-01,-2.210085394262999436e+00,-1.819922402869472045e+00,2.348753841926543573e-01,1.134507839416437625e+00,-2.388139034533428795e+00
0.000000000000000000e+00,0.000000000000000000e+00,0.000000000000000000e+00,0.000000000000000000e+00,0.000000000000000000e+00,0.000000000000000000e+00,0.000000000000000000e+00,0.000000000000000000e+00,0.000000000000000000e+00,0.000000000000000000e+00,0.000000000000000000e+00,0.000000000000000000e+00,6.653297676787841564e-01,-2.210083720551461628e+00,-1.801724887035121903e+00,1.849253277001075557e-01,1.135255396626017932e+00,-2.359121965564849432e+00
0.000000000000000000e+00,0.000000000000000000e+00,0.000000000000000000e+00,0.000000000000000000e+00,0.000000000000000000e+00,0.000000000000000000e+00,0.000000000000000000e+00,0.000000000000000000e+00,0.000000000000000000e+00,0.000000000000000000e+00,0.000000000000000000e+00,0.000000000000000000e+00,6.656611084231396358e-01,-2.210082046839923819e+00,-1.783527371200771316e+00,1.349752712075586447e-01,1.136002953835598239e+00,-2.330104896596268738e+00
0.000000000000000000e+00,0.000000000000000000e+00,0.000000000000000000e+00,0.000000000000000000e+00,0.000000000000000000e+00,0.000000000000000000e+00,0.000000000000000000e+00,0.000000000000000000e+00,0.000000000000000000e+00,0.000000000000000000e+00,0.000000000000000000e+00,0.000000000000000000e+00,6.660763575698168681e-01,-2.210129650576634575e+00,-1.765578397183199533e+00,8.591660263923800445e-02,1.136624398756750143e+00,-2.301810512221219795e+00
0.000000000000000000e+00,0.000000000000000000e+00,0.000000000000000000e+00,0.000000000000000000e+00,0.000000000000000000e+00,0.000000000000000000e+00,0.000000000000000000e+00,0.000000000000000000e+00,0.000000000000000000e+00,0.000000000000000000e+00,0.000000000000000000e+00,0.000000000000000000e+00,6.665241733253837175e-01,-2.210196379923412557e+00,-1.747725887451868632e+00,3.720390039959814432e-02,1.137196896856609740e+00,-2.273796616877742593e+00
0.000000000000000000e+00,0.000000000000000000e+00,0.000000000000000000e+00,0.000000000000000000e+00,0.000000000000000000e+00,0.000000000000000000e+00,0.000000000000000000e+00,0.000000000000000000e+00,0.000000000000000000e+00,0.000000000000000000e+00,0.000000000000000000e+00,0.000000000000000000e+00,6.669719890809509000e-01,-2.210263109270190984e+00,-1.729873377720537730e+00,-1.150880184003982842e-02,1.137769394956468894e+00,-2.245782721534264947e+00
0.000000000000000000e+00,0.000000000000000000e+00,0.000000000000000000e+00,0.000000000000000000e+00,0.000000000000000000e+00,0.000000000000000000e+00,0.000000000000000000e+00,0.000000000000000000e+00,0.000000000000000000e+00,0.000000000000000000e+00,0.000000000000000000e+00,0.000000000000000000e+00,6.674198048365177494e-01,-2.210329838616968967e+00,-1.712020867989206385e+00,-6.022150407967935548e-02,1.138341893056328269e+00,-2.217768826190787301e+00
0.000000000000000000e+00,0.000000000000000000e+00,0.000000000000000000e+00,0.000000000000000000e+00,0.000000000000000000e+00,0.000000000000000000e+00,0.000000000000000000e+00,0.000000000000000000e+00,0.000000000000000000e+00,0.000000000000000000e+00,0.000000000000000000e+00,0.000000000000000000e+00,6.678676205920849318e-01,-2.210396567963747394e+00,-1.694168358257875928e+00,-1.089342063193161070e-01,1.138914391156187644e+00,-2.189754930847310099e+00
0.000000000000000000e+00,0.000000000000000000e+00,0.000000000000000000e+00,0.000000000000000000e+00,0.000000000000000000e+00,0.000000000000000000e+00,0.000000000000000000e+00,0.000000000000000000e+00,0.000000000000000000e+00,0.000000000000000000e+00,0.000000000000000000e+00,0.000000000000000000e+00,6.683154363476517812e-01,-2.210463297310525377e+00,-1.676315848526544805e+00,-1.576469085589559671e-01,1.139486889256047242e+00,-2.161741035503832009e+00
0.000000000000000000e+00,0.000000000000000000e+00,0.000000000000000000e+00,0.000000000000000000e+00,0.000000000000000000e+00,0.000000000000000000e+00,0.000000000000000000e+00,0.000000000000000000e+00,0.000000000000000000e+00,0.000000000000000000e+00,0.000000000000000000e+00,0.000000000000000000e+00,6.687632521032187416e-01,-2.210530026657303360e+00,-1.658463338795214126e+00,-2.063596107985938288e-01,1.140059387355906173e+00,-2.133727140160354807e+00
0.000000000000000000e+00,0.000000000000000000e+00,0.000000000000000000e+00,0.000000000000000000e+00,0.000000000000000000e+00,0.000000000000000000e+00,0.000000000000000000e+00,0.000000000000000000e+00,0.000000000000000000e+00,0.000000000000000000e+00,0.000000000000000000e+00,0.000000000000000000e+00,6.692110678587858130e-01,-2.210596756004082231e+00,-1.640610829063883003e+00,-2.550723130382325787e-01,1.140631885455765770e+00,-2.105713244816877605e+00
0.000000000000000000e+00,0.000000000000000000e+00,0.000000000000000000e+00,0.000000000000000000e+00,0.000000000000000000e+00,0.000000000000000000e+00,0.000000000000000000e+00,0.000000000000000000e+00,0.000000000000000000e+00,0.000000000000000000e+00,0.000000000000000000e+00,0.000000000000000000e+00,6.696588836143526624e-01,-2.210663485350860213e+00,-1.622758319332552768e+00,-3.037850152778704405e-01,1.141204383555625146e+00,-2.077699349473399959e+00
0.000000000000000000e+00,0.000000000000000000e+00,0.000000000000000000e+00,0.000000000000000000e+00,0.000000000000000000e+00,0.000000000000000000e+00,0.000000000000000000e+00,0.000000000000000000e+00,0.000000000000000000e+00,0.000000000000000000e+00,0.000000000000000000e+00,0.000000000000000000e+00,6.701066993699197338e-01,-2.210730214697638196e+00,-1.604905809601221423e+00,-3.524977175175103006e-01,1.141776881655484743e+00,-2.049685454129921869e+00
0.000000000000000000e+00,0.000000000000000000e+00,0.000000000000000000e+00,0.000000000000000000e+00,0.000000000000000000e+00,0.000000000000000000e+00,0.000000000000000000e+00,0.000000000000000000e+00,0.000000000000000000e+00,0.000000000000000000e+00,0.000000000000000000e+00,0.000000000000000000e+00,6.705545151254868053e-01,-2.210796944044416179e+00,-1.587053299869890743e+00,-4.012104197571472741e-01,1.142349379755343675e+00,-2.021671558786445111e+00
0.000000000000000000e+00,0.000000000000000000e+00,0.000000000000000000e+00,0.000000000000000000e+00,0.000000000000000000e+00,0.000000000000000000e+00,0.000000000000000000e+00,0.000000000000000000e+00,0.000000000000000000e+00,0.000000000000000000e+00,0.000000000000000000e+00,0.000000000000000000e+00,6.710023308810536546e-01,-2.210863673391194162e+00,-1.569200790138559398e+00,-4.499231219967871342e-01,1.142921877855203050e+00,-1.993657663442966799e+00
0.000000000000000000e+00,0.000000000000000000e+00,0.000000000000000000e+00,0.000000000000000000e+00,0.000000000000000000e+00,0.000000000000000000e+00,0.000000000000000000e+00,0.000000000000000000e+00,0.000000000000000000e+00,0.000000000000000000e+00,0.000000000000000000e+00,0.000000000000000000e+00,6.714501466366206150e-01,-2.210930402737972145e+00,-1.551348280407229163e+00,-4.986358242364242188e-01,1.143494375955062425e+00,-1.965643768099489819e+00
0.000000000000000000e+00,0.000000000000000000e+00,0.000000000000000000e+00,0.000000000000000000e+00,0.000000000000000000e+00,0.000000000000000000e+00,0.000000000000000000e+00,0.000000000000000000e+00,0.000000000000000000e+00,0.000000000000000000e+00,0.000000000000000000e+00,0.000000000000000000e+00,6.718979623921874644e-01,-2.210997132084750127e+00,-1.533495770675898262e+00,-5.473485264760635793e-01,1.144066874054922023e+00,-1.937629872756011729e+00
0.000000000000000000e+00,0.000000000000000000e+00,0.000000000000000000e+00,0.000000000000000000e+00,0.000000000000000000e+00,0.000000000000000000e+00,0.000000000000000000e+00,0.000000000000000000e+00,0.000000000000000000e+00,0.000000000000000000e+00,0.000000000000000000e+00,0.000000000000000000e+00,6.719410400009201423e-01,-2.211224485888426905e+00,-1.522825131947397104e+00,-5.830317008828567182e-01,1.146734897637477157e+00,-1.909462912231640441e+00
0.000000000000000000e+00,0.000000000000000000e+00,0.000000000000000000e+00,0.000000000000000000e+00,0.000000000000000000e+00,0.000000000000000000e+00,0.000000000000000000e+00,0.000000000000000000e+00,0.000000000000000000e+00,0.000000000000000000e+00,0.000000000000000000e+00,0.000000000000000000e+00,6.719190086563876507e-01,-2.211477678843512429e+00,-1.513309818228741443e+00,-6.166188561094341214e-01,1.149740021816516800e+00,-1.881271328592823311e+00
0.000000000000000000e+00,0.000000000000000000e+00,0.000000000000000000e+00,0.000000000000000000e+00,0.000000000000000000e+00,0.000000000000000000e+00,0.000000000000000000e+00,0.000000000000000000e+00,0.000000000000000000e+00,0.000000000000000000e+00,0.000000000000000000e+00,0.000000000000000000e+00,6.716723273360712954e-01,-2.211540119535240656e+00,-1.502289738345711889e+00,-6.549574231047399220e-01,1.161677074794949416e+00,-1.851684440319379066e+00
0.000000000000000000e+00,0.000000000000000000e+00,0.000000000000000000e+00,0.000000000000000000e+00,0.000000000000000000e+00,0.000000000000000000e+00,0.000000000000000000e+00,0.000000000000000000e+00,0.000000000000000000e+00,0.000000000000000000e+00,0.000000000000000000e+00,0.000000000000000000e+00,6.709943763342350875e-01,-2.211236365360575107e+00,-1.488380897748563969e+00,-7.024174682267261272e-01,1.190761114214111238e+00,-1.819418929075687474e+00
0.000000000000000000e+00,0.000000000000000000e+00,0.000000000000000000e+00,0.000000000000000000e+00,0.000000000000000000e+00,0.000000000000000000e+00,0.000000000000000000e+00,0.000000000000000000e+00,0.000000000000000000e+00,0.000000000000000000e+00,0.000000000000000000e+00,0.000000000000000000e+00,6.703164253323984356e-01,-2.210932611185909558e+00,-1.474472057151416271e+00,-7.498775133487112221e-01,1.219845153633271950e+00,-1.787153417831996105e+00
0.000000000000000000e+00,0.000000000000000000e+00,0.000000000000000000e+00,0.000000000000000000e+00,0.000000000000000000e+00,0.000000000000000000e+00,0.000000000000000000e+00,0.000000000000000000e+00,0.000000000000000000e+00,0.000000000000000000e+00,0.000000000000000000e+00,0.000000000000000000e+00,6.696384743305622278e-01,-2.210628857011244008e+00,-1.460563216554268129e+00,-7.973375584706976493e-01,1.248929193052433773e+00,-1.754887906588304070e+00
0.000000000000000000e+00,0.000000000000000000e+00,0.000000000000000000e+00,0.000000000000000000e+00,0.000000000000000000e+00,0.000000000000000000e+00,0.000000000000000000e+00,0.000000000000000000e+00,0.000000000000000000e+00,0.000000000000000000e+00,0.000000000000000000e+00,0.000000000000000000e+00,6.679699772239190425e-01,-2.208961176677075144e+00,-1.446702760903304519e+00,-8.384159536655888534e-01,1.275318958805178093e+00,-1.723759125831103356e+00
0.000000000000000000e+00,0.000000000000000000e+00,0.000000000000000000e+00,0.000000000000000000e+00,0.000000000000000000e+00,0.000000000000000000e+00,0.000000000000000000e+00,0.000000000000000000e+00,0.000000000000000000e+00,0.000000000000000000e+00,0.000000000000000000e+00,0.000000000000000000e+00,6.655703646162539622e-01,-2.206286791503401012e+00,-1.432878017859758657e+00,-8.747840954344621167e-01,1.299720099059368028e+00,-1.693469358296127103e+00
0.000000000000000000e+00,0.000000000000000000e+00,0.000000000000000000e+00,0.000000000000000000e+00,0.000000000000000000e+00,0.000000000000000000e+00,0.000000000000000000e+00,0.000000000000000000e+00,0.000000000000000000e+00,0.000000000000000000e+00,0.000000000000000000e+00,0.000000000000000000e+00,6.631674349388907430e-01,-2.203980403769280727e+00,-1.420014674996853188e+00,-9.085802350752349987e-01,1.322229180285237948e+00,-1.664973674967844319e+00
0.000000000000000000e+00,0.000000000000000000e+00,0.000000000000000000e+00,0.000000000000000000e+00,0.000000000000000000e+00,0.000000000000000000e+00,0.000000000000000000e+00,0.000000000000000000e+00,0.000000000000000000e+00,0.000000000000000000e+00,0.000000000000000000e+00,0.000000000000000000e+00,6.608406645305738847e-01,-2.203071021421826536e+00,-1.411047699171630310e+00,-9.314085312552127238e-01,1.336138668377419458e+00,-1.644366525564185721e+00
0.000000000000000000e+00,0.000000000000000000e+00,0.000000000000000000e+00,0.000000000000000000e+00,0.000000000000000000e+00,0.000000000000000000e+00,0.000000000000000000e+00,0.000000000000000000e+00,0.000000000000000000e+00,0.000000000000000000e+00,0.000000000000000000e+00,0.000000000000000000e+00,6.589884574261724026e-01,-2.203328649615220680e+00,-1.404981037174719338e+00,-9.472588921980298338e-01,1.344684393426025970e+00,-1.629184260589667366e+00
0.000000000000000000e+00,0.000000000000000000e+00,0.000000000000000000e+00,0.000000000000000000e+00,0.000000000000000000e+00,0.000000000000000000e+00,0.000000000000000000e+00,0.000000000000000000e+00,0.000000000000000000e+00,0.000000000000000000e+00,0.000000000000000000e+00,0.000000000000000000e+00,6.571987147633601145e-01,-2.203502077009135363e+00,-1.401033338330563538e+00,-9.564443312408315023e-01,1.347637724218089250e+00,-1.619284677223155278e+00
0.000000000000000000e+00,0.000000000000000000e+00,0.000000000000000000e+00,0.000000000000000000e+00,0.000000000000000000e+00,0.000000000000000000e+00,0.000000000000000000e+00,0.000000000000000000e+00,0.000000000000000000e+00,0.000000000000000000e+00,0.000000000000000000e+00,0.000000000000000000e+00,6.545113544571113939e-01,-2.204039008736110805e+00,-1.398551988120332989e+00,-9.590406885907512002e-01,1.347196828980250949e+00,-1.615566492291799383e+00
0.000000000000000000e+00,0.000000000000000000e+00,0.000000000000000000e+00,0.000000000000000000e+00,0.000000000000000000e+00,0.000000000000000000e+00,0.000000000000000000e+00,0.000000000000000000e+00,0.000000000000000000e+00,0.000000000000000000e+00,0.000000000000000000e+00,0.000000000000000000e+00,6.518015988555349027e-01,-2.204585963523899128e+00,-1.396104321287970906e+00,-9.614828271383659697e-01,1.346680611878153133e+00,-1.611994681775542837e+00
0.000000000000000000e+00,0.000000000000000000e+00,0.000000000000000000e+00,0.000000000000000000e+00,0.000000000000000000e+00,0.000000000000000000e+00,0.000000000000000000e+00,0.000000000000000000e+00,0.000000000000000000e+00,0.000000000000000000e+00,0.000000000000000000e+00,0.000000000000000000e+00,6.490918432539580785e-01,-2.205132918311687007e+00,-1.393656654455609711e+00,-9.639249656859791848e-01,1.346164394776055095e+00,-1.608422871259286957e+00
0.000000000000000000e+00,0.000000000000000000e+00,0.000000000000000000e+00,0.000000000000000000e+00,0.000000000000000000e+00,0.000000000000000000e+00,0.000000000000000000e+00,0.000000000000000000e+00,0.000000000000000000e+00,0.000000000000000000e+00,0.000000000000000000e+00,0.000000000000000000e+00,6.463820876523812542e-01,-2.205679873099475330e+00,-1.391208987623248072e+00,-9.663671042335935102e-01,1.345648177673957502e+00,-1.604851060743030855e+00
0.000000000000000000e+00,0.000000000000000000e+00,0.000000000000000000e+00,0.000000000000000000e+00,0.000000000000000000e+00,0.000000000000000000e+00,0.000000000000000000e+00,0.000000000000000000e+00,0.000000000000000000e+00,0.000000000000000000e+00,0.000000000000000000e+00,0.000000000000000000e+00,6.436723320508047630e-01,-2.206226827887263209e+00,-1.388761320790886877e+00,-9.688092427812067253e-01,1.345131960571859464e+00,-1.601279250226774753e+00
0.000000000000000000e+00,0.000000000000000000e+00,0.000000000000000000e+00,0.000000000000000000e+00,0.000000000000000000e+00,0.000000000000000000e+00,0.000000000000000000e+00,0.000000000000000000e+00,0.000000000000000000e+00,0.000000000000000000e+00,0.000000000000000000e+00,0.000000000000000000e+00,6.409625764492278277e-01,-2.206773782675051088e+00,-1.386313653958525460e+00,-9.712513813288208286e-01,1.344615743469761426e+00,-1.597707439710518429e+00
0.000000000000000000e+00,0.000000000000000000e+00,0.000000000000000000e+00,0.000000000000000000e+00,0.000000000000000000e+00,0.000000000000000000e+00,0.000000000000000000e+00,0.000000000000000000e+00,0.000000000000000000e+00,0.000000000000000000e+00,0.000000000000000000e+00,0.000000000000000000e+00,6.382528208476515585e-01,-2.207320737462839411e+00,-1.383865987126163821e+00,-9.736935198764344879e-01,1.344099526367663611e+00,-1.594135629194262105e+00
0.000000000000000000e+00,0.000000000000000000e+00,0.000000000000000000e+00,0.000000000000000000e+00,0.000000000000000000e+00,0.000000000000000000e+00,0.000000000000000000e+00,0.000000000000000000e+00,0.000000000000000000e+00,0.000000000000000000e+00,0.000000000000000000e+00,0.000000000000000000e+00,6.355430652460748453e-01,-2.207867692250627289e+00,-1.381418320293802404e+00,-9.761356584240483691e-01,1.343583309265565795e+00,-1.590563818678006225e+00
0.000000000000000000e+00,0.000000000000000000e+00,0.000000000000000000e+00,0.000000000000000000e+00,0.000000000000000000e+00,0.000000000000000000e+00,0.000000000000000000e+00,0.000000000000000000e+00,0.000000000000000000e+00,0.000000000000000000e+00,0.000000000000000000e+00,0.000000000000000000e+00,6.328333096444979100e-01,-2.208414647038415612e+00,-1.378970653461440765e+00,-9.785777969716626945e-01,1.343067092163467979e+00,-1.586992008161750123e+00
